-- phpMyAdmin SQL Dump
-- version 4.5.2
-- http://www.phpmyadmin.net
--
-- Host: localhost
-- Generation Time: 2016-02-23 21:32:54
-- 服务器版本： 5.5.47-0ubuntu0.14.04.1
-- PHP Version: 5.5.9-1ubuntu4.14

SET SQL_MODE = "NO_AUTO_VALUE_ON_ZERO";
SET time_zone = "+00:00";


/*!40101 SET @OLD_CHARACTER_SET_CLIENT=@@CHARACTER_SET_CLIENT */;
/*!40101 SET @OLD_CHARACTER_SET_RESULTS=@@CHARACTER_SET_RESULTS */;
/*!40101 SET @OLD_COLLATION_CONNECTION=@@COLLATION_CONNECTION */;
/*!40101 SET NAMES utf8mb4 */;

--
-- Database: `kc`
--

DELIMITER $$
--
-- 存储过程
--
CREATE DEFINER=`gb`@`localhost` PROCEDURE `index_find` (IN `a_id` INT UNSIGNED, OUT `contents` TEXT)  begin
declare mid int unsigned;
declare model_name char(64);
declare atcid int unsigned;
SET @var_name = ex;
#select cate,title,createtime,views,model_id into mid from cate_atc where id=a_id;
select atc_id,model_id into atcid,mid from cate_atc where id=a_id;

select `name` Into @var_name from model where id = mid;
select content into contents from model_name where id = atcid; 
end$$

--
-- 函数
--
CREATE DEFINER=`gb`@`localhost` FUNCTION `ind1` () RETURNS VARCHAR(30) CHARSET utf8mb4 return Now()$$

DELIMITER ;

-- --------------------------------------------------------

--
-- 表的结构 `admin`
--

CREATE TABLE `admin` (
  `id` int(11) NOT NULL,
  `name` varchar(250) NOT NULL,
  `password` tinytext NOT NULL,
  `power` int(11) NOT NULL,
  `status` tinyint(4) NOT NULL DEFAULT '0'
) ENGINE=InnoDB DEFAULT CHARSET=utf8;

--
-- 转存表中的数据 `admin`
--

INSERT INTO `admin` (`id`, `name`, `password`, `power`, `status`) VALUES
(1, '11', '12', 0, 1),
(2, 'cc', 'cc', 0, 0),
(3, '', '', 0, 0),
(4, '323', '222', 0, 0),
(5, '124', '1232', 0, 0),
(6, '123', '14324523', 0, 0),
(7, '33', '33', 0, 0),
(8, '33', '33', 0, 0),
(9, '33', '33', 0, 0),
(10, '33', '33', 0, 0),
(11, '33', '33', 0, 0),
(12, '33', '33', 0, 0),
(13, '33', '33', 0, 0),
(14, '33', '33', 0, 0),
(15, '33', '33', 0, 0),
(16, '33', '33', 0, 0),
(17, '33', '33', 0, 0),
(18, '33', '33', 0, 0),
(19, '33', '33', 0, 0),
(20, '33', '33', 0, 0),
(21, '33', '33', 0, 0),
(22, '33', '33', 0, 0),
(23, '33', '33', 0, 0),
(24, '33', '33', 0, 0),
(25, '33', '33', 0, 0),
(26, '33', '33', 0, 0),
(27, '33', '33', 0, 0),
(28, '33', '33', 0, 0),
(29, '33', '33', 0, 0),
(30, '33', '33', 0, 0),
(31, '33', '33', 0, 0),
(32, '33', '33', 0, 0),
(33, '33', '33', 0, 0),
(34, '33', '33', 0, 0),
(35, '33', '33', 0, 0),
(36, '33', '33', 0, 0),
(37, '33', '33', 0, 0),
(38, '33', '33', 0, 0),
(39, '33', '33', 0, 0),
(40, '33', '33', 0, 0),
(41, '33', '33', 0, 0),
(42, '33', '33', 0, 0),
(43, '33', '33', 0, 0),
(44, '33', '33', 0, 0),
(45, '33', '33', 0, 0),
(46, '33', '33', 0, 0),
(47, '33', '33', 0, 0),
(48, '33', '33', 0, 0),
(49, '33', '33', 0, 0),
(50, '33', '33', 0, 0),
(51, '33', '33', 0, 0),
(52, '33', '33', 0, 0),
(53, '33', '33', 0, 0),
(54, '33', '33', 0, 0),
(55, '33', '33', 0, 0),
(56, '33', '33', 0, 0),
(57, '33', '33', 0, 0),
(58, 'we', 'we', 0, 0),
(59, 'we', 'we', 0, 0),
(60, 'we', 'we', 0, 0);

-- --------------------------------------------------------

--
-- 表的结构 `cate`
--

CREATE TABLE `cate` (
  `id` int(11) NOT NULL,
  `cindex` varchar(250) NOT NULL COMMENT '唯一标识',
  `name` varchar(250) NOT NULL,
  `create_time` timestamp NOT NULL DEFAULT CURRENT_TIMESTAMP,
  `model` text,
  `pre_cate` int(11) DEFAULT NULL,
  `level` smallint(6) NOT NULL DEFAULT '250',
  `status` tinyint(4) NOT NULL DEFAULT '0',
  `uri` tinytext COMMENT 'uri'
) ENGINE=InnoDB DEFAULT CHARSET=utf8;

--
-- 转存表中的数据 `cate`
--

INSERT INTO `cate` (`id`, `cindex`, `name`, `create_time`, `model`, `pre_cate`, `level`, `status`, `uri`) VALUES
(1, '', '呵呵呵', '2016-02-11 15:20:52', '["1","2","4"]', 0, 0, 1, NULL),
(2, '', '11', '2015-12-20 08:59:24', '2', 0, 0, 0, NULL),
(3, '', 'news', '2015-12-20 09:00:18', '1', 0, 23, 0, NULL),
(4, '', 'test2', '2015-12-20 09:01:47', '3', 3, 34, 1, NULL),
(5, 'match', '竞赛', '2016-01-04 21:52:28', 'race', 0, 0, 1, ''),
(8, '', '测试4', '2016-01-31 13:45:41', '"3"', 6, 0, 1, NULL),
(9, '', 'test5', '2016-01-31 13:53:06', '["1","3"]', 0, 5, 1, NULL),
(10, '', '组队哦', '2016-02-10 15:53:52', '["2"]', 5, 2, 1, NULL),
(11, '', 'ttt', '2016-02-10 15:55:10', '["1"]', 9, 0, 1, '/Admin/Cate/addCate'),
(12, '', '栏目', '2016-02-21 16:33:28', '["1","2"]', 0, 2, 1, '/kechuang4/index.php/Admin/Cate'),
(14, '', '新闻', '2016-02-21 14:49:48', '["2"]', 0, 0, 1, NULL),
(15, 'test0', 'te3', '2016-02-21 14:53:53', '["1"]', 0, 2, 1, ''),
(16, '', '00', '2016-02-21 16:33:28', '["1","2"]', 0, 0, 1, ''),
(17, '', '果壳', '2016-02-21 19:37:48', 'null', 0, 14, 1, 'http://gate.guokr.com/');

-- --------------------------------------------------------

--
-- 表的结构 `cate_atc`
--

CREATE TABLE `cate_atc` (
  `id` int(11) NOT NULL,
  `cate` int(11) NOT NULL,
  `model_id` int(11) NOT NULL COMMENT '模型ID',
  `title` varchar(250) DEFAULT NULL COMMENT '文章标题',
  `atc_id` int(11) NOT NULL COMMENT '文章ID',
  `status` smallint(6) NOT NULL DEFAULT '1' COMMENT '状态标识',
  `createtime` datetime DEFAULT NULL COMMENT '创建时间',
  `updatetime` timestamp NOT NULL DEFAULT CURRENT_TIMESTAMP ON UPDATE CURRENT_TIMESTAMP COMMENT '更新时刻'
) ENGINE=InnoDB DEFAULT CHARSET=utf8mb4;

--
-- 转存表中的数据 `cate_atc`
--

INSERT INTO `cate_atc` (`id`, `cate`, `model_id`, `title`, `atc_id`, `status`, `createtime`, `updatetime`) VALUES
(9, 1, 1, '超6省份将上调公务员工资', 18, 1, '2016-02-17 07:02:26', '2016-02-22 15:19:28'),
(11, 1, 1, '山西煤炭业困境：总理调研时工人拿到半年前工资', 23, 1, '2016-02-20 05:02:53', '2016-02-22 15:19:28'),
(12, 1, 1, '山西煤炭业困境：总理调研时工人拿到半年前工资', 24, 1, '2016-02-20 05:02:12', '2016-02-22 15:19:28'),
(13, 1, 1, '山西煤炭业困境：总理调研时工人拿到半年前工资', 25, 1, '2016-02-20 05:02:27', '2016-02-22 15:19:28'),
(19, 1, 1, 'sdsd', 31, 1, '2016-02-20 08:02:41', '2016-02-22 15:19:28'),
(37, 1, 1, '超6省份将上调公务员工资', 49, 1, '2016-02-22 12:02:11', '2016-02-22 15:19:28'),
(41, 1, 1, '456', 53, 1, '2016-02-22 07:02:46', '2016-02-22 15:19:28'),
(42, 14, 2, '33', 1, 1, '2016-02-22 07:02:10', '2016-02-22 14:45:27'),
(43, 14, 2, 'cc', 2, 1, '2016-02-22 09:02:38', '2016-02-22 14:45:47'),
(44, 14, 2, 'ff', 3, 1, '2016-02-22 09:02:37', '2016-02-22 14:45:47'),
(46, 14, 2, 'qq', 5, 1, '2016-02-22 09:02:22', '2016-02-22 13:53:22'),
(50, 1, 1, 'cc', 54, 1, '2016-02-22 11:02:33', '2016-02-22 15:19:28'),
(51, 1, 1, 'c2c', 55, 1, '2016-02-22 11:02:56', '2016-02-22 15:19:28'),
(52, 1, 1, 'wer', 56, 1, '2016-02-22 11:02:05', '2016-02-22 15:19:28'),
(53, 1, 1, 'mm', 57, 1, '2016-02-22 23:18:21', '2016-02-22 15:18:21'),
(54, 1, 1, '超6省份将上调公务员工资', 58, 1, '2016-02-23 02:17:43', '2016-02-22 18:17:43'),
(55, 14, 2, '超6省份将上调公务员工资', 6, 1, '2016-02-23 02:24:34', '2016-02-22 18:24:34'),
(56, 1, 1, '32444444', 59, 1, '2016-02-23 14:41:24', '2016-02-23 06:41:24');

-- --------------------------------------------------------

--
-- 表的结构 `comment`
--

CREATE TABLE `comment` (
  `id` int(11) NOT NULL,
  `cindex_id` int(11) NOT NULL COMMENT '目录引索id',
  `user_id` int(11) NOT NULL COMMENT '发布者id',
  `content` tinytext NOT NULL COMMENT '内容',
  `recieve_id` int(11) DEFAULT NULL COMMENT '回复帖id',
  `createtime` timestamp NOT NULL DEFAULT CURRENT_TIMESTAMP,
  `status` int(11) NOT NULL DEFAULT '1'
) ENGINE=InnoDB DEFAULT CHARSET=utf8mb4;

-- --------------------------------------------------------

--
-- 表的结构 `document`
--

CREATE TABLE `document` (
  `id` int(11) NOT NULL,
  `index_id` int(11) NOT NULL COMMENT 'cate_atc id',
  `title` varchar(250) NOT NULL COMMENT '标题',
  `author` varchar(100) DEFAULT NULL COMMENT '作者',
  `editor` varchar(100) DEFAULT NULL COMMENT '编辑',
  `content` text NOT NULL COMMENT '正文'
) ENGINE=InnoDB DEFAULT CHARSET=utf8mb4;

--
-- 转存表中的数据 `document`
--

INSERT INTO `document` (`id`, `index_id`, `title`, `author`, `editor`, `content`) VALUES
(1, 0, '色彩三刀流！为新手量身打造的UI界面配色方法', 'test', NULL, '&lt;p style=&quot;margin-top: 20px; margin-bottom: 20px; font-stretch: normal; font-size: 1.2em; line-height: 1.8; font-family: Tahoma, Verdana, 宋体; letter-spacing: 0.25px; color: rgb(82, 82, 82); white-space: normal;&quot;&gt;如何快速选择或搭配颜色？今天&lt;a href=&quot;http://weibo.com/603323403&quot; target=&quot;_blank&quot; style=&quot;color: rgb(13, 164, 211); text-decoration: none; transition: all 0.18s ease-out; letter-spacing: 0px; padding-right: 10px; background-image: url(&amp;quot;images/blank.gif&amp;quot;); background-attachment: initial; background-size: initial; background-origin: initial; background-clip: initial; background-position: 100% 0%; background-repeat: no-repeat;&quot;&gt;@Micu设计&lt;/a&gt;&amp;nbsp;和大家介绍在界面中最为常用的三个方法，简单实用，附上大量的优秀实例，特别适合刚入门的色彩新手，学起来！&lt;/p&gt;&lt;p style=&quot;margin-top: 20px; margin-bottom: 20px; font-stretch: normal; font-size: 1.2em; line-height: 1.8; font-family: Tahoma, Verdana, 宋体; letter-spacing: 0.25px; color: rgb(82, 82, 82); white-space: normal;&quot;&gt;快过年了，大家手头上的事都很多，于是很多同学要设计活动页面或者APP界面大改版等，那么如何快速的选择或搭配颜色呢？“选择”和“搭配颜色”，听到这两个词汇的时候，是不是从潜意识上就会有反感，心理琢磨着，这绝对是个坑！肯定得翻来覆去的折腾一把。其实很多初学设计师都会碰到同样的问题。&lt;/p&gt;&lt;p style=&quot;margin-top: 20px; margin-bottom: 20px; font-stretch: normal; font-size: 1.2em; line-height: 1.8; font-family: Tahoma, Verdana, 宋体; letter-spacing: 0.25px; color: rgb(82, 82, 82); white-space: normal;&quot;&gt;那我们就横刀直入的来说说这三招吧。&lt;/p&gt;&lt;h4 style=&quot;font-family: &amp;#39;microsoft yahei&amp;#39;, arial, sans-serif; margin: 10px 0px 20px; color: rgb(51, 51, 51); line-height: 1.333em; font-size: 1.5em; padding: 25px 0px 0px; white-space: normal;&quot;&gt;&lt;strong&gt;第一刀：色不过三&lt;/strong&gt;&lt;/h4&gt;&lt;p style=&quot;margin-top: 20px; margin-bottom: 20px; font-stretch: normal; font-size: 1.2em; line-height: 1.8; font-family: Tahoma, Verdana, 宋体; letter-spacing: 0.25px; color: rgb(82, 82, 82); white-space: normal;&quot;&gt;经常很多大神在网上说&lt;span class=&quot;wp_keywordlink_affiliate&quot;&gt;&lt;a href=&quot;http://www.uisdc.com/tag/%e9%85%8d%e8%89%b2&quot; title=&quot;查看 配色 中的全部文章&quot; target=&quot;_blank&quot; style=&quot;color: rgb(13, 164, 211); text-decoration: none; transition: all 0.18s ease-out; letter-spacing: 0px; padding: 0px 2px; background-image: none; background-attachment: initial; background-size: initial; background-origin: initial; background-clip: initial; background-position: initial; background-repeat: initial;&quot;&gt;配色&lt;/a&gt;&lt;/span&gt;不要超过三种色，在这我只说三遍，色不过三，色不过三，色不过三！不管是做平面也好，还是网页，还是做APP等设计，都需要遵守这个基本的道理。&lt;/p&gt;&lt;p style=&quot;margin-top: 20px; margin-bottom: 20px; font-stretch: normal; font-size: 1.2em; line-height: 1.8; font-family: Tahoma, Verdana, 宋体; letter-spacing: 0.25px; color: rgb(82, 82, 82); white-space: normal;&quot;&gt;那啥才算是不超过三种颜色的搭配呢？&lt;/p&gt;&lt;p style=&quot;margin-top: 20px; margin-bottom: 20px; font-stretch: normal; font-size: 1.2em; line-height: 1.8; font-family: Tahoma, Verdana, 宋体; letter-spacing: 0.25px; color: rgb(82, 82, 82); white-space: normal;&quot;&gt;在这里很多人都会认为就是不要超过三种不同的颜色值。其实不然，不超过三种颜色的搭配，是指不超过三种色相的搭配。在单个色相中可以运用颜色明度或饱和度做色彩的丰富性，而色相不要过三！&lt;/p&gt;&lt;p style=&quot;margin-top: 20px; margin-bottom: 20px; font-stretch: normal; font-size: 1.2em; line-height: 1.8; font-family: Tahoma, Verdana, 宋体; letter-spacing: 0.25px; color: rgb(82, 82, 82); white-space: normal;&quot;&gt;如果设计的界面的颜色太多，炫酷的眼花缭乱是个什么样的效果？下面我们来看看一家知名的招聘网站。&lt;/p&gt;&lt;p style=&quot;margin-top: 20px; margin-bottom: 20px; font-stretch: normal; font-size: 1.2em; line-height: 1.8; font-family: Tahoma, Verdana, 宋体; letter-spacing: 0.25px; color: rgb(82, 82, 82); white-space: normal;&quot;&gt;我想你和我一样顿时泪流满面了~&lt;/p&gt;&lt;p style=&quot;margin-top: 20px; margin-bottom: 20px; font-stretch: normal; font-size: 1.2em; line-height: 1.8; font-family: Tahoma, Verdana, 宋体; letter-spacing: 0.25px; color: rgb(82, 82, 82); white-space: normal;&quot;&gt;是的，我们单纯的就想找份合适的工作，过上幸福美好的生活。并没有那么简单，一进入主页面，刹那间，狗皮膏药铺面而来。这种感觉，我的小心脏顿时崩溃了……就一小小块面积，一个城市地址就出现了三种颜色。难道这样真的好吗？&lt;/p&gt;&lt;p&gt;&lt;img class=&quot;alignnone size-full wp-image-172945&quot; alt=&quot;136020160202&quot; src=&quot;http://image.uisdc.com/wp-content/uploads/2016/02/136020160202.jpg&quot; width=&quot;796&quot; height=&quot;574&quot; style=&quot;border: 1px solid rgb(230, 230, 230); vertical-align: middle; display: block; margin: 0px 0px 1.75em; max-width: 100%; height: auto; padding: 16px; text-align: center; color: rgb(82, 82, 82); font-family: Arial, Helvetica, Arial, sans-serif; font-size: 12px; line-height: 21px; white-space: normal; background-color: rgb(246, 246, 246);&quot;/&gt;&lt;/p&gt;&lt;p style=&quot;margin-top: 20px; margin-bottom: 20px; font-stretch: normal; font-size: 1.2em; line-height: 1.8; font-family: Tahoma, Verdana, 宋体; letter-spacing: 0.25px; color: rgb(82, 82, 82); white-space: normal;&quot;&gt;我们来做一个对比。有一种设计，叫别人家的设计。绿色永远是品牌色，红色就是网站的装点色，这就叫传承。&lt;/p&gt;&lt;p style=&quot;margin-top: 20px; margin-bottom: 20px; font-stretch: normal; font-size: 1.2em; line-height: 1.8; font-family: Tahoma, Verdana, 宋体; letter-spacing: 0.25px; color: rgb(82, 82, 82); white-space: normal;&quot;&gt;统一的主色彩风格的导向，能加强用户对产品的记忆程度，也然产品的体验感更加舒适和自然。&lt;/p&gt;&lt;p&gt;&lt;img class=&quot;alignnone size-full wp-image-172946&quot; alt=&quot;236020160202&quot; src=&quot;http://image.uisdc.com/wp-content/uploads/2016/02/236020160202.jpg&quot; width=&quot;800&quot; height=&quot;600&quot; style=&quot;border: 1px solid rgb(230, 230, 230); vertical-align: middle; display: block; margin: 0px 0px 1.75em; max-width: 100%; height: auto; padding: 16px; text-align: center; color: rgb(82, 82, 82); font-family: Arial, Helvetica, Arial, sans-serif; font-size: 12px; line-height: 21px; white-space: normal; background-color: rgb(246, 246, 246);&quot;/&gt;&lt;/p&gt;&lt;p style=&quot;margin-top: 20px; margin-bottom: 20px; font-stretch: normal; font-size: 1.2em; line-height: 1.8; font-family: Tahoma, Verdana, 宋体; letter-spacing: 0.25px; color: rgb(82, 82, 82); white-space: normal;&quot;&gt;那是不是越简洁的颜色就最好？&lt;/p&gt;&lt;p style=&quot;margin-top: 20px; margin-bottom: 20px; font-stretch: normal; font-size: 1.2em; line-height: 1.8; font-family: Tahoma, Verdana, 宋体; letter-spacing: 0.25px; color: rgb(82, 82, 82); white-space: normal;&quot;&gt;那咱就只用一种颜色得了。下图中单一颜色和多种色相颜色&lt;span class=&quot;wp_keywordlink_affiliate&quot;&gt;&lt;a href=&quot;http://www.uisdc.com/tag/%e9%85%8d%e8%89%b2&quot; title=&quot;查看 配色 中的全部文章&quot; target=&quot;_blank&quot; style=&quot;color: rgb(13, 164, 211); text-decoration: none; transition: all 0.18s ease-out; letter-spacing: 0px; padding: 0px 2px; background-image: none; background-attachment: initial; background-size: initial; background-origin: initial; background-clip: initial; background-position: initial; background-repeat: initial;&quot;&gt;配色&lt;/a&gt;&lt;/span&gt;下的对比，我们可以看到在单一颜色下的设计更为统一，画面更为和谐。在多种颜色下界面中的功能模块更为明确，区分性更强，所以说在使用多种颜色的时候还需要考虑产品的内容与核心。&lt;/p&gt;&lt;p&gt;&lt;img class=&quot;alignnone size-full wp-image-172947&quot; alt=&quot;336020160202&quot; src=&quot;http://image.uisdc.com/wp-content/uploads/2016/02/336020160202.jpg&quot; width=&quot;800&quot; height=&quot;703&quot; style=&quot;border: 1px solid rgb(230, 230, 230); vertical-align: middle; display: block; margin: 0px 0px 1.75em; max-width: 100%; height: auto; padding: 16px; text-align: center; color: rgb(82, 82, 82); font-family: Arial, Helvetica, Arial, sans-serif; font-size: 12px; line-height: 21px; white-space: normal; background-color: rgb(246, 246, 246);&quot;/&gt;&lt;/p&gt;&lt;p style=&quot;margin-top: 20px; margin-bottom: 20px; font-stretch: normal; font-size: 1.2em; line-height: 1.8; font-family: Tahoma, Verdana, 宋体; letter-spacing: 0.25px; color: rgb(82, 82, 82); white-space: normal;&quot;&gt;三色搭配，只要控制在不超过三种色相的范围即可。学过画画的商业设计师，应该都清楚知道颜色的明度、暗度、饱和度。&lt;/p&gt;&lt;p style=&quot;margin-top: 20px; margin-bottom: 20px; font-stretch: normal; font-size: 1.2em; line-height: 1.8; font-family: Tahoma, Verdana, 宋体; letter-spacing: 0.25px; color: rgb(82, 82, 82); white-space: normal;&quot;&gt;运用单色的设计，会显得单调乏味。而整体颜色饱和度过低会导致画面沉闷而不透气。明快的颜色和明暗的色彩搭配能使画面显得层次感丰富而又有朝气。&lt;/p&gt;&lt;h4 style=&quot;font-family: &amp;#39;microsoft yahei&amp;#39;, arial, sans-serif; margin: 10px 0px 20px; color: rgb(51, 51, 51); line-height: 1.333em; font-size: 1.5em; padding: 25px 0px 0px; white-space: normal;&quot;&gt;&lt;strong&gt;做精致的颜色，提炼格调&lt;/strong&gt;&lt;/h4&gt;&lt;p style=&quot;margin-top: 20px; margin-bottom: 20px; font-stretch: normal; font-size: 1.2em; line-height: 1.8; font-family: Tahoma, Verdana, 宋体; letter-spacing: 0.25px; color: rgb(82, 82, 82); white-space: normal;&quot;&gt;在界面设计中，色彩是设计中的重中之重，是否正确和完整的表现出产品气质至关重要。单一的色相，丰富的明度和饱和度能使界面看的有层次感和丰富性。而精简的色，处理器来也会跟容易统一和把控。在用色时，颜色越少越好，但要保证正确的传达出需要表现的功能和元素为前提。在我们每添加一种颜色的时候都需要好好的考虑一下，有没有必要。因为再复杂的设计，也不会多个三种主色彩。&lt;/p&gt;&lt;p style=&quot;margin-top: 20px; margin-bottom: 20px; font-stretch: normal; font-size: 1.2em; line-height: 1.8; font-family: Tahoma, Verdana, 宋体; letter-spacing: 0.25px; color: rgb(82, 82, 82); white-space: normal;&quot;&gt;以下界面为了区分更多的内容区域运用了三种颜色，但因为颜色过度导致页面分割凌乱，红色在页面中就是多余的，功能分割相对也是多余的。可以用两种颜色时候，就不要用到三种颜色。可以用一种颜色的时候就不要用三种颜色。简洁，会使作品更为成熟。&lt;/p&gt;&lt;p&gt;&lt;img class=&quot;alignnone size-full wp-image-172948&quot; alt=&quot;436020160202&quot; src=&quot;http://image.uisdc.com/wp-content/uploads/2016/02/436020160202.jpg&quot; width=&quot;800&quot; height=&quot;707&quot; style=&quot;border: 1px solid rgb(230, 230, 230); vertical-align: middle; display: block; margin: 0px 0px 1.75em; max-width: 100%; height: auto; padding: 16px; text-align: center; color: rgb(82, 82, 82); font-family: Arial, Helvetica, Arial, sans-serif; font-size: 12px; line-height: 21px; white-space: normal; background-color: rgb(246, 246, 246);&quot;/&gt;&lt;/p&gt;&lt;p style=&quot;margin-top: 20px; margin-bottom: 20px; font-stretch: normal; font-size: 1.2em; line-height: 1.8; font-family: Tahoma, Verdana, 宋体; letter-spacing: 0.25px; color: rgb(82, 82, 82); white-space: normal;&quot;&gt;在桌面图标设计中，常常也会用到两色和三色的搭配形式。这样的&lt;span class=&quot;wp_keywordlink_affiliate&quot;&gt;&lt;a href=&quot;http://www.uisdc.com/tag/%e9%85%8d%e8%89%b2&quot; title=&quot;查看 配色 中的全部文章&quot; target=&quot;_blank&quot; style=&quot;color: rgb(13, 164, 211); text-decoration: none; transition: all 0.18s ease-out; letter-spacing: 0px; padding: 0px 2px; background-image: none; background-attachment: initial; background-size: initial; background-origin: initial; background-clip: initial; background-position: initial; background-repeat: initial;&quot;&gt;配色&lt;/a&gt;&lt;/span&gt;能使图标显得简约而不乏味。&lt;/p&gt;&lt;h4 style=&quot;font-family: &amp;#39;microsoft yahei&amp;#39;, arial, sans-serif; margin: 10px 0px 20px; color: rgb(51, 51, 51); line-height: 1.333em; font-size: 1.5em; padding: 25px 0px 0px; white-space: normal;&quot;&gt;&lt;strong&gt;第二刀：确定主色&lt;/strong&gt;&lt;/h4&gt;&lt;p style=&quot;margin-top: 20px; margin-bottom: 20px; font-stretch: normal; font-size: 1.2em; line-height: 1.8; font-family: Tahoma, Verdana, 宋体; letter-spacing: 0.25px; color: rgb(82, 82, 82); white-space: normal;&quot;&gt;在运用色彩进行设计的时候，心里要有数。色彩的主次关系能定作品的性。优秀的作品色彩就是那么的清晰，&lt;/p&gt;&lt;p style=&quot;margin-top: 20px; margin-bottom: 20px; font-stretch: normal; font-size: 1.2em; line-height: 1.8; font-family: Tahoma, Verdana, 宋体; letter-spacing: 0.25px; color: rgb(82, 82, 82); white-space: normal;&quot;&gt;记住色彩功能的划分：主要色、辅助色、装点色。&lt;/p&gt;&lt;h4 style=&quot;font-family: &amp;#39;microsoft yahei&amp;#39;, arial, sans-serif; margin: 10px 0px 20px; color: rgb(51, 51, 51); line-height: 1.333em; font-size: 1.5em; padding: 25px 0px 0px; white-space: normal;&quot;&gt;&lt;strong&gt;主色的魅力&lt;/strong&gt;&lt;/h4&gt;&lt;p style=&quot;margin-top: 20px; margin-bottom: 20px; font-stretch: normal; font-size: 1.2em; line-height: 1.8; font-family: Tahoma, Verdana, 宋体; letter-spacing: 0.25px; color: rgb(82, 82, 82); white-space: normal;&quot;&gt;主色决定设计的风格。&lt;/p&gt;&lt;p style=&quot;margin-top: 20px; margin-bottom: 20px; font-stretch: normal; font-size: 1.2em; line-height: 1.8; font-family: Tahoma, Verdana, 宋体; letter-spacing: 0.25px; color: rgb(82, 82, 82); white-space: normal;&quot;&gt;在设计中色彩充当了重要的情感元素，那主色就是作品的文化方向。我们在设计初期需要对项目有明确的了解后提炼选择出最为贴切的主色进行定位。&lt;/p&gt;&lt;p style=&quot;margin-top: 20px; margin-bottom: 20px; font-stretch: normal; font-size: 1.2em; line-height: 1.8; font-family: Tahoma, Verdana, 宋体; letter-spacing: 0.25px; color: rgb(82, 82, 82); white-space: normal;&quot;&gt;每种颜色承载的文化都是不同的，会领导了整个界面设计的方向。&lt;/p&gt;&lt;p style=&quot;margin-top: 20px; margin-bottom: 20px; font-stretch: normal; font-size: 1.2em; line-height: 1.8; font-family: Tahoma, Verdana, 宋体; letter-spacing: 0.25px; color: rgb(82, 82, 82); white-space: normal;&quot;&gt;网页设计、移动界面设计、banner设计、平面设计……不同的媒介，主色的运用规律各不相同。网页设计和界面设计，通常主色运用在结构和装饰。而Banner和海报为了更为醒目，主色通常运用在背景颜色上。&lt;/p&gt;&lt;p style=&quot;margin-top: 20px; margin-bottom: 20px; font-stretch: normal; font-size: 1.2em; line-height: 1.8; font-family: Tahoma, Verdana, 宋体; letter-spacing: 0.25px; color: rgb(82, 82, 82); white-space: normal;&quot;&gt;在界面设计中常将品牌LOGO的颜色定为主色彩，并且在不同的界面中主色彩出现的面积也会随之变化。&lt;/p&gt;&lt;p style=&quot;margin-top: 20px; margin-bottom: 20px; font-stretch: normal; font-size: 1.2em; line-height: 1.8; font-family: Tahoma, Verdana, 宋体; letter-spacing: 0.25px; color: rgb(82, 82, 82); white-space: normal;&quot;&gt;下图我们可以看到大众点评、百度外卖、美团应用都将产品LOGO的颜色进行了延续，将logo颜色定义为主色彩，有效的统一了产品的传播性。&lt;/p&gt;&lt;p&gt;&lt;img class=&quot;alignnone size-full wp-image-172949&quot; alt=&quot;536020160202&quot; src=&quot;http://image.uisdc.com/wp-content/uploads/2016/02/536020160202.jpg&quot; width=&quot;790&quot; height=&quot;1520&quot; style=&quot;border: 1px solid rgb(230, 230, 230); vertical-align: middle; display: block; margin: 0px 0px 1.75em; max-width: 100%; height: auto; padding: 16px; text-align: center; color: rgb(82, 82, 82); font-family: Arial, Helvetica, Arial, sans-serif; font-size: 12px; line-height: 21px; white-space: normal; background-color: rgb(246, 246, 246);&quot;/&gt;&lt;/p&gt;&lt;p style=&quot;margin-top: 20px; margin-bottom: 20px; font-stretch: normal; font-size: 1.2em; line-height: 1.8; font-family: Tahoma, Verdana, 宋体; letter-spacing: 0.25px; color: rgb(82, 82, 82); white-space: normal;&quot;&gt;同时还发现，这几个产品的界面设计主色面积使用也是非常一致。首页中使用的主色彩面积较大，导航条全部填充了主色。在二级页面中则使用的面积较少，将主色点缀到界面中。&lt;/p&gt;&lt;p style=&quot;margin-top: 20px; margin-bottom: 20px; font-stretch: normal; font-size: 1.2em; line-height: 1.8; font-family: Tahoma, Verdana, 宋体; letter-spacing: 0.25px; color: rgb(82, 82, 82); white-space: normal;&quot;&gt;我们可以这样去理解，在用户使用产品时，更希望用户记忆产品。而在用户进入了信息页面时则更注重易用性，希望用户能找到自己需要的东西。所以主色在首页使用的面积较多，而二级页面使用在关键的操作点上。从产品角度出发，我们在使用主色的时候要考虑页面的内容关系，理解界面的层次与功能性质。从视觉出发，选择了饱和度较高的色彩做为主色时，要考虑因为颜色面积过多而造成的视觉疲劳。&lt;/p&gt;&lt;p&gt;&lt;img class=&quot;alignnone size-full wp-image-172953&quot; alt=&quot;636020160202&quot; src=&quot;http://image.uisdc.com/wp-content/uploads/2016/02/636020160202.jpg&quot; width=&quot;800&quot; height=&quot;533&quot; style=&quot;border: 1px solid rgb(230, 230, 230); vertical-align: middle; display: block; margin: 0px 0px 1.75em; max-width: 100%; height: auto; padding: 16px; text-align: center; color: rgb(82, 82, 82); font-family: Arial, Helvetica, Arial, sans-serif; font-size: 12px; line-height: 21px; white-space: normal; background-color: rgb(246, 246, 246);&quot;/&gt;&lt;/p&gt;&lt;p style=&quot;margin-top: 20px; margin-bottom: 20px; font-stretch: normal; font-size: 1.2em; line-height: 1.8; font-family: Tahoma, Verdana, 宋体; letter-spacing: 0.25px; color: rgb(82, 82, 82); white-space: normal;&quot;&gt;在banner和海报的设计中主色的面积一般会运用在背景色中，相对面积较大。可谓是直奔主题式。&lt;/p&gt;&lt;p&gt;&lt;img class=&quot;alignnone size-full wp-image-172957&quot; alt=&quot;736020160202&quot; src=&quot;http://image.uisdc.com/wp-content/uploads/2016/02/736020160202.png&quot; width=&quot;640&quot; height=&quot;248&quot; style=&quot;border: 1px solid rgb(230, 230, 230); vertical-align: middle; display: block; margin: 0px 0px 1.75em; max-width: 100%; height: auto; padding: 16px; text-align: center; color: rgb(82, 82, 82); font-family: Arial, Helvetica, Arial, sans-serif; font-size: 12px; line-height: 21px; white-space: normal; background-color: rgb(246, 246, 246);&quot;/&gt;&lt;img class=&quot;alignnone size-full wp-image-172991&quot; alt=&quot;hb20160202&quot; src=&quot;http://image.uisdc.com/wp-content/uploads/2016/02/hb20160202.png&quot; width=&quot;640&quot; height=&quot;305&quot; style=&quot;border: 1px solid rgb(230, 230, 230); vertical-align: middle; display: block; margin: 0px 0px 1.75em; max-width: 100%; height: auto; padding: 16px; text-align: center; color: rgb(82, 82, 82); font-family: Arial, Helvetica, Arial, sans-serif; font-size: 12px; line-height: 21px; white-space: normal; background-color: rgb(246, 246, 246);&quot;/&gt;&lt;/p&gt;&lt;h4 style=&quot;font-family: &amp;#39;microsoft yahei&amp;#39;, arial, sans-serif; margin: 10px 0px 20px; color: rgb(51, 51, 51); line-height: 1.333em; font-size: 1.5em; padding: 25px 0px 0px; white-space: normal;&quot;&gt;&lt;strong&gt;第三刀：从对比色中找辅助色&lt;/strong&gt;&lt;/h4&gt;&lt;p style=&quot;margin-top: 20px; margin-bottom: 20px; font-stretch: normal; font-size: 1.2em; line-height: 1.8; font-family: Tahoma, Verdana, 宋体; letter-spacing: 0.25px; color: rgb(82, 82, 82); white-space: normal;&quot;&gt;通常大家觉得只要色彩面积最多就是主色。其实不然，人们的阅读心理是有差异的，如果颜色饱和度较低容易被相对面积少的高饱和度颜色抢眼，所以在定义界面主色的时候要悬着饱和度（纯度）高的颜色作为主色会比较的稳定。&lt;/p&gt;&lt;p style=&quot;margin-top: 20px; margin-bottom: 20px; font-stretch: normal; font-size: 1.2em; line-height: 1.8; font-family: Tahoma, Verdana, 宋体; letter-spacing: 0.25px; color: rgb(82, 82, 82); white-space: normal;&quot;&gt;在界面设计汇总使用互补色彩的对比是最为强烈的。这种色彩能使用户的视觉产生强烈的刺激，情感浓烈，给人留下鲜明的印象。这种方式是最易于传播的。适合在夸张的、张扬的场景下使用。但这种颜色用的太过于平凡容易造成用户的视觉疲劳。给人一种不安定的感觉。那么在使用这样的搭配方式时需要控制使用的位置和信息的面积了，核心的地方可以这样去使用。&lt;/p&gt;&lt;p style=&quot;margin-top: 20px; margin-bottom: 20px; font-stretch: normal; font-size: 1.2em; line-height: 1.8; font-family: Tahoma, Verdana, 宋体; letter-spacing: 0.25px; color: rgb(82, 82, 82); white-space: normal;&quot;&gt;主要的三对互补色：红绿、蓝橙、黄紫&lt;/p&gt;&lt;p style=&quot;margin-top: 20px; margin-bottom: 20px; font-stretch: normal; font-size: 1.2em; line-height: 1.8; font-family: Tahoma, Verdana, 宋体; letter-spacing: 0.25px; color: rgb(82, 82, 82); white-space: normal;&quot;&gt;我们可以看到很多APP的icon为了吸引用户的注意就用到了强烈对比的互补色&lt;/p&gt;&lt;p style=&quot;margin-top: 20px; margin-bottom: 20px; font-stretch: normal; font-size: 1.2em; line-height: 1.8; font-family: Tahoma, Verdana, 宋体; letter-spacing: 0.25px; color: rgb(82, 82, 82); white-space: normal;&quot;&gt;番茄快点、QQ空间、相机360&lt;/p&gt;&lt;p&gt;&lt;img class=&quot;alignnone size-full wp-image-172960&quot; alt=&quot;836020160202&quot; src=&quot;http://image.uisdc.com/wp-content/uploads/2016/02/836020160202.jpg&quot; width=&quot;700&quot; height=&quot;429&quot; style=&quot;border: 1px solid rgb(230, 230, 230); vertical-align: middle; display: block; margin: 0px 0px 1.75em; max-width: 100%; height: auto; padding: 16px; text-align: center; color: rgb(82, 82, 82); font-family: Arial, Helvetica, Arial, sans-serif; font-size: 12px; line-height: 21px; white-space: normal; background-color: rgb(246, 246, 246);&quot;/&gt;&lt;img class=&quot;alignnone size-full wp-image-172965&quot; alt=&quot;936020160202&quot; src=&quot;http://image.uisdc.com/wp-content/uploads/2016/02/936020160202.jpg&quot; width=&quot;800&quot; height=&quot;697&quot; style=&quot;border: 1px solid rgb(230, 230, 230); vertical-align: middle; display: block; margin: 0px 0px 1.75em; max-width: 100%; height: auto; padding: 16px; text-align: center; color: rgb(82, 82, 82); font-family: Arial, Helvetica, Arial, sans-serif; font-size: 12px; line-height: 21px; white-space: normal; background-color: rgb(246, 246, 246);&quot;/&gt;&lt;/p&gt;&lt;h4 style=&quot;font-family: &amp;#39;microsoft yahei&amp;#39;, arial, sans-serif; margin: 10px 0px 20px; color: rgb(51, 51, 51); line-height: 1.333em; font-size: 1.5em; padding: 25px 0px 0px; white-space: normal;&quot;&gt;&lt;strong&gt;色彩中还会运用到冷暖对比&lt;/strong&gt;&lt;/h4&gt;&lt;p style=&quot;margin-top: 20px; margin-bottom: 20px; font-stretch: normal; font-size: 1.2em; line-height: 1.8; font-family: Tahoma, Verdana, 宋体; letter-spacing: 0.25px; color: rgb(82, 82, 82); white-space: normal;&quot;&gt;冷暖对比色是自然平衡的规律，可以在设计中大量使用，这样的配色会使作品非常的出彩，不显单调。&lt;/p&gt;&lt;p&gt;&lt;img class=&quot;alignnone size-full wp-image-172978&quot; alt=&quot;1136020160202&quot; src=&quot;http://image.uisdc.com/wp-content/uploads/2016/02/1136020160202.jpg&quot; width=&quot;707&quot; height=&quot;528&quot; style=&quot;border: 1px solid rgb(230, 230, 230); vertical-align: middle; display: block; margin: 0px 0px 1.75em; max-width: 100%; height: auto; padding: 16px; text-align: center; color: rgb(82, 82, 82); font-family: Arial, Helvetica, Arial, sans-serif; font-size: 12px; line-height: 21px; white-space: normal; background-color: rgb(246, 246, 246);&quot;/&gt;&lt;/p&gt;&lt;p style=&quot;margin-top: 20px; margin-bottom: 20px; font-stretch: normal; font-size: 1.2em; line-height: 1.8; font-family: Tahoma, Verdana, 宋体; letter-spacing: 0.25px; color: rgb(82, 82, 82); white-space: normal;&quot;&gt;我们先看看一下几款APP的icon设计：&lt;/p&gt;&lt;p style=&quot;margin-top: 20px; margin-bottom: 20px; font-stretch: normal; font-size: 1.2em; line-height: 1.8; font-family: Tahoma, Verdana, 宋体; letter-spacing: 0.25px; color: rgb(82, 82, 82); white-space: normal;&quot;&gt;下面这款APP的名称叫KOI，很喜欢这款应用配色，运用到了冷暖配色，起了非常好的点缀效果，看起来灵动而醒目。&lt;/p&gt;&lt;p&gt;&lt;img class=&quot;alignnone size-full wp-image-172979&quot; alt=&quot;1236020160202&quot; src=&quot;http://image.uisdc.com/wp-content/uploads/2016/02/1236020160202.png&quot; width=&quot;183&quot; height=&quot;183&quot; style=&quot;border: 1px solid rgb(230, 230, 230); vertical-align: middle; display: block; margin: 0px 0px 1.75em; max-width: 100%; height: auto; padding: 16px; text-align: center; color: rgb(82, 82, 82); font-family: Arial, Helvetica, Arial, sans-serif; font-size: 12px; line-height: 21px; white-space: normal; background-color: rgb(246, 246, 246);&quot;/&gt;&lt;/p&gt;&lt;p style=&quot;margin-top: 20px; margin-bottom: 20px; font-stretch: normal; font-size: 1.2em; line-height: 1.8; font-family: Tahoma, Verdana, 宋体; letter-spacing: 0.25px; color: rgb(82, 82, 82); white-space: normal;&quot;&gt;Tweetbot的icon也用到了冷暖颜色的对比，是不是醒目又可爱啊，大家可以去试试这种搭配，百试百灵。&lt;/p&gt;&lt;p&gt;&lt;img class=&quot;alignnone size-full wp-image-172980&quot; alt=&quot;1336020160202&quot; src=&quot;http://image.uisdc.com/wp-content/uploads/2016/02/1336020160202.png&quot; width=&quot;209&quot; height=&quot;206&quot; style=&quot;border: 1px solid rgb(230, 230, 230); vertical-align: middle; display: block; margin: 0px 0px 1.75em; max-width: 100%; height: auto; padding: 16px; text-align: center; color: rgb(82, 82, 82); font-family: Arial, Helvetica, Arial, sans-serif; font-size: 12px; line-height: 21px; white-space: normal; background-color: rgb(246, 246, 246);&quot;/&gt;&lt;/p&gt;&lt;p style=&quot;margin-top: 20px; margin-bottom: 20px; font-stretch: normal; font-size: 1.2em; line-height: 1.8; font-family: Tahoma, Verdana, 宋体; letter-spacing: 0.25px; color: rgb(82, 82, 82); white-space: normal;&quot;&gt;Seedling&amp;nbsp;Comic&amp;nbsp;Studio，这款icon运用到了冷暖搭配显得由为的精彩，视线里面集中到了中心点上。&lt;/p&gt;&lt;p&gt;&lt;img class=&quot;alignnone size-full wp-image-172981&quot; alt=&quot;1436020160202&quot; src=&quot;http://image.uisdc.com/wp-content/uploads/2016/02/1436020160202.png&quot; width=&quot;225&quot; height=&quot;227&quot; style=&quot;border: 1px solid rgb(230, 230, 230); vertical-align: middle; display: block; margin: 0px 0px 1.75em; max-width: 100%; height: auto; padding: 16px; text-align: center; color: rgb(82, 82, 82); font-family: Arial, Helvetica, Arial, sans-serif; font-size: 12px; line-height: 21px; white-space: normal; background-color: rgb(246, 246, 246);&quot;/&gt;&lt;/p&gt;&lt;p style=&quot;margin-top: 20px; margin-bottom: 20px; font-stretch: normal; font-size: 1.2em; line-height: 1.8; font-family: Tahoma, Verdana, 宋体; letter-spacing: 0.25px; color: rgb(82, 82, 82); white-space: normal;&quot;&gt;在设计中，冷色与暖色的对比是界面设计中最为广泛的使用方法，效果也非常的出众。&lt;/p&gt;&lt;p style=&quot;margin-top: 20px; margin-bottom: 20px; font-stretch: normal; font-size: 1.2em; line-height: 1.8; font-family: Tahoma, Verdana, 宋体; letter-spacing: 0.25px; color: rgb(82, 82, 82); white-space: normal;&quot;&gt;色彩好比就是阴阳太极，冷与暖的两级平衡还原了生活中的和谐。用这样的配色效果让用户感觉舒服平和。&lt;/p&gt;&lt;p style=&quot;margin-top: 20px; margin-bottom: 20px; font-stretch: normal; font-size: 1.2em; line-height: 1.8; font-family: Tahoma, Verdana, 宋体; letter-spacing: 0.25px; color: rgb(82, 82, 82); white-space: normal;&quot;&gt;冷暖色彩搭配的方法基本没有啥缺点，使用在设计中，技巧性比较多，对设计的细腻感受要求比较高。&lt;/p&gt;&lt;p style=&quot;margin-top: 20px; margin-bottom: 20px; font-stretch: normal; font-size: 1.2em; line-height: 1.8; font-family: Tahoma, Verdana, 宋体; letter-spacing: 0.25px; color: rgb(82, 82, 82); white-space: normal;&quot;&gt;虽然支付宝的主图标发生了改变，变成了简洁的蓝色支付宝，但主页面中还是利用到了冷色与暖色的搭配，很好的区分了分类，并且让页面中丰富的分类变得不是那么得零散。很多设计师每次碰到满版分类图标的时候很头大，处理的时候容易把页面搞花了，建议使用冷暖的方式去调整，将页面平衡好。&lt;/p&gt;&lt;p&gt;&lt;img class=&quot;alignnone size-full wp-image-172982&quot; alt=&quot;1536020160202&quot; src=&quot;http://image.uisdc.com/wp-content/uploads/2016/02/1536020160202.png&quot; width=&quot;418&quot; height=&quot;742&quot; style=&quot;border: 1px solid rgb(230, 230, 230); vertical-align: middle; display: block; margin: 0px 0px 1.75em; max-width: 100%; height: auto; padding: 16px; text-align: center; color: rgb(82, 82, 82); font-family: Arial, Helvetica, Arial, sans-serif; font-size: 12px; line-height: 21px; white-space: normal; background-color: rgb(246, 246, 246);&quot;/&gt;&lt;img class=&quot;alignnone size-full wp-image-172983&quot; alt=&quot;1636020160202&quot; src=&quot;http://image.uisdc.com/wp-content/uploads/2016/02/1636020160202.jpg&quot; width=&quot;800&quot; height=&quot;353&quot; style=&quot;border: 1px solid rgb(230, 230, 230); vertical-align: middle; display: block; margin: 0px 0px 1.75em; max-width: 100%; height: auto; padding: 16px; text-align: center; color: rgb(82, 82, 82); font-family: Arial, Helvetica, Arial, sans-serif; font-size: 12px; line-height: 21px; white-space: normal; background-color: rgb(246, 246, 246);&quot;/&gt;&lt;/p&gt;&lt;p style=&quot;margin-top: 20px; margin-bottom: 20px; font-stretch: normal; font-size: 1.2em; line-height: 1.8; font-family: Tahoma, Verdana, 宋体; letter-spacing: 0.25px; color: rgb(82, 82, 82); white-space: normal;&quot;&gt;当时米醋哥在设计360防丢器的时候就用了两个色，红色和蓝色的冷暖搭配。将360字体样式融入到建筑中取用了暖红色，而寻找位置的大头针运用了冷蓝色。&lt;/p&gt;&lt;p&gt;&lt;img class=&quot;alignnone size-full wp-image-172984&quot; alt=&quot;1736020160202&quot; src=&quot;http://image.uisdc.com/wp-content/uploads/2016/02/1736020160202.jpg&quot; width=&quot;800&quot; height=&quot;2341&quot; style=&quot;border: 1px solid rgb(230, 230, 230); vertical-align: middle; display: block; margin: 0px 0px 1.75em; max-width: 100%; height: auto; padding: 16px; text-align: center; color: rgb(82, 82, 82); font-family: Arial, Helvetica, Arial, sans-serif; font-size: 12px; line-height: 21px; white-space: normal; background-color: rgb(246, 246, 246);&quot;/&gt;&lt;/p&gt;&lt;p style=&quot;margin-top: 20px; margin-bottom: 20px; font-stretch: normal; font-size: 1.2em; line-height: 1.8; font-family: Tahoma, Verdana, 宋体; letter-spacing: 0.25px; color: rgb(82, 82, 82); white-space: normal;&quot;&gt;好了，先写到这里。回顾一下今天我们讲的知识点。&lt;/p&gt;&lt;ol style=&quot;margin-bottom: 1.75em; margin-left: 3.1em; padding: 0px; color: rgb(82, 82, 82); font-family: Arial, Helvetica, Arial, sans-serif; font-size: 12px; line-height: 21px; white-space: normal;&quot; class=&quot; list-paddingleft-2&quot;&gt;&lt;li&gt;&lt;p&gt;色不过三&lt;/p&gt;&lt;/li&gt;&lt;li&gt;&lt;p&gt;主色的定义，及面积&lt;/p&gt;&lt;/li&gt;&lt;li&gt;&lt;p&gt;找辅助色，还记的有那几对辅助色吗？&lt;/p&gt;&lt;/li&gt;&lt;/ol&gt;&lt;p style=&quot;margin-top: 20px; margin-bottom: 20px; font-stretch: normal; font-size: 1.2em; line-height: 1.8; font-family: Tahoma, Verdana, 宋体; letter-spacing: 0.25px; color: rgb(82, 82, 82); white-space: normal;&quot;&gt;今天和大家分享的这不仅是运用在界面中，更是选择颜色时至为重要的三个点！实用性极高！看似简单，大家运用起来还要多加分析哦~&lt;/p&gt;&lt;p style=&quot;margin-top: 20px; margin-bottom: 20px; font-stretch: normal; font-size: 1.2em; line-height: 1.8; font-family: Tahoma, Verdana, 宋体; letter-spacing: 0.25px; color: rgb(82, 82, 82); white-space: normal;&quot;&gt;作者微信公众号：MICU设计&lt;/p&gt;&lt;p style=&quot;margin-top: 20px; margin-bottom: 20px; font-stretch: normal; font-size: 1.2em; line-height: 1.8; font-family: Tahoma, Verdana, 宋体; letter-spacing: 0.25px; color: rgb(82, 82, 82); white-space: normal;&quot;&gt;&lt;strong&gt;【配色达人速成三部曲】&lt;/strong&gt;&lt;/p&gt;&lt;blockquote style=&quot;margin: 0px 1.75em; quotes: none; overflow: hidden; padding: 0px 0px 0px 35px; font-size: 12px; font-family: Arial, sans-serif; color: rgb(142, 142, 142); line-height: 1.8; white-space: normal; background-image: url(&amp;quot;images/quote.png&amp;quot;); background-attachment: initial; background-size: initial; background-origin: initial; background-clip: initial; background-position: 0px 4px; background-repeat: no-repeat;&quot;&gt;&lt;p style=&quot;margin-top: 20px; margin-bottom: 20px; font-stretch: normal; font-size: 1.2em; line-height: 1.8; font-family: Tahoma, Verdana, 宋体; letter-spacing: 0.25px;&quot;&gt;&lt;strong&gt;Step 1：打好色彩基础是关键呦！&lt;/strong&gt;&lt;br/&gt;&lt;a href=&quot;http://www.uisdc.com/head-first-color-theory&quot; target=&quot;_blank&quot; style=&quot;color: rgb(13, 164, 211); text-decoration: none; transition: all 0.18s ease-out; letter-spacing: 0px; padding-right: 10px; background-image: none; background-attachment: initial; background-size: initial; background-origin: initial; background-clip: initial; background-position: initial; background-repeat: initial;&quot;&gt;《设计师配色宝典！教你从零开始学配色（一）》&lt;/a&gt;&lt;/p&gt;&lt;p style=&quot;margin-top: 20px; margin-bottom: 20px; font-stretch: normal; font-size: 1.2em; line-height: 1.8; font-family: Tahoma, Verdana, 宋体; letter-spacing: 0.25px;&quot;&gt;&lt;strong&gt;Step 2：进阶技巧！向高手模仿是捷径！&lt;/strong&gt;&lt;br/&gt;&lt;a href=&quot;http://www.uisdc.com/use-picture-create-swatches&quot; target=&quot;_blank&quot; style=&quot;color: rgb(13, 164, 211); text-decoration: none; transition: all 0.18s ease-out; letter-spacing: 0px; padding-right: 10px; background-image: none; background-attachment: initial; background-size: initial; background-origin: initial; background-clip: initial; background-position: initial; background-repeat: initial;&quot;&gt;《配色弱有救了！教你利用图片创建独有的色彩方案》&lt;/a&gt;&lt;/p&gt;&lt;p style=&quot;margin-top: 20px; margin-bottom: 20px; font-stretch: normal; font-size: 1.2em; line-height: 1.8; font-family: Tahoma, Verdana, 宋体; letter-spacing: 0.25px;&quot;&gt;&lt;strong&gt;Step 3：直接开挂！不保证顶尖但一定正确！&lt;/strong&gt;&lt;br/&gt;&lt;a href=&quot;http://www.uisdc.com/6-rules-webdesign-color&quot; target=&quot;_blank&quot; style=&quot;color: rgb(13, 164, 211); text-decoration: none; transition: all 0.18s ease-out; letter-spacing: 0px; padding-right: 10px; background-image: none; background-attachment: initial; background-size: initial; background-origin: initial; background-clip: initial; background-position: initial; background-repeat: initial;&quot;&gt;《秒变配色高手！怎么都不会错的6条网页设计配色原则》&lt;/a&gt;&lt;/p&gt;&lt;/blockquote&gt;&lt;p style=&quot;margin-top: 20px; margin-bottom: 20px; font-stretch: normal; font-size: 1.2em; line-height: 1.8; font-family: Tahoma, Verdana, 宋体; letter-spacing: 0.25px; color: rgb(82, 82, 82); white-space: normal;&quot;&gt;&lt;strong&gt;作者：&lt;/strong&gt;MICU设计&lt;/p&gt;&lt;p&gt;&lt;br/&gt;&lt;/p&gt;'),
(2, 0, 'test2', 'xq', NULL, '&lt;p&gt;&amp;nbsp; &amp;nbsp; &amp;nbsp; &amp;nbsp; &amp;nbsp; &amp;nbsp; &amp;nbsp; &amp;nbsp; &amp;nbsp; &amp;nbsp; &amp;nbsp; &amp;nbsp; &amp;nbsp; &amp;nbsp; &amp;nbsp; &amp;nbsp;这里写你的初始化内容 **I`m bad guy!**\r\n\r\n &amp;nbsp; &amp;nbsp; &amp;nbsp; &amp;nbsp; &amp;nbsp; &amp;nbsp; &amp;nbsp; &amp;nbsp; &amp;nbsp; &amp;nbsp; &amp;nbsp; &amp;nbsp; &amp;nbsp; &amp;nbsp;&lt;/p&gt;'),
(3, 0, '外交部谈朝欲射星：耳光打在谁脸上谁心里清楚', '中国日报张陨璧、郑晨', NULL, '&lt;p style=&quot;margin-top: 0px; margin-bottom: 29px; padding: 0px; line-height: 28px; font-family: 宋体, Arial, sans-serif; font-size: 15.9996px; white-space: normal; background-color: rgb(255, 255, 255);&quot;&gt;中国日报北京2月3日电（记者 张陨璧、郑晨）2月3日，&lt;span class=&quot;infoMblog&quot; style=&quot;position: relative; z-index: 9;&quot;&gt;&lt;a class=&quot;a-tips-Article-QQ&quot; href=&quot;http://t.qq.com/wj_xlt#pref=qqcom.keyword&quot; rel=&quot;wj_xlt&quot; reltitle=&quot;外交部&quot; target=&quot;_blank&quot; style=&quot;outline: none; color: rgb(0, 0, 0); text-decoration: none; border-bottom-width: 1px; border-bottom-style: dotted; border-bottom-color: rgb(83, 109, 166);&quot;&gt;外交部&lt;/a&gt;&lt;/span&gt;发言人陆慷在例行记者会上就美方称朝鲜发射星声明是“一记耳光”的言论答记者问表示，在有关国家一味主张施压和制裁的呼声中，朝鲜一次次进行了核试验，从这个意义上讲，朝鲜确实打了有关国家一记耳光，这个耳光打在谁的脸上、谁心里清楚。&lt;/p&gt;&lt;p style=&quot;margin-top: 0px; margin-bottom: 29px; padding: 0px; line-height: 28px; font-family: 宋体, Arial, sans-serif; font-size: 15.9996px; white-space: normal; background-color: rgb(255, 255, 255);&quot;&gt;　　有记者问：2月2日，美国助理国务卿拉塞尔称，朝鲜利用弹道导弹技术进行发射将是严重违反国际义务的行动，进一步有力证明应对朝采取更严厉制裁。朝最新声明是对&lt;span class=&quot;infoMblog&quot; style=&quot;position: relative; z-index: 9;&quot;&gt;&lt;a class=&quot;a-tips-Article-QQ&quot; href=&quot;http://t.qq.com/WorldFoodProgramme#pref=qqcom.keyword&quot; rel=&quot;WorldFoodProgramme&quot; reltitle=&quot;联合国&quot; target=&quot;_blank&quot; style=&quot;outline: none; color: rgb(0, 0, 0); text-decoration: none; border-bottom-width: 1px; border-bottom-style: dotted; border-bottom-color: rgb(83, 109, 166);&quot;&gt;联合国&lt;/a&gt;&lt;/span&gt;安理会、中国和国际社会的蔑视，是给反对对朝实施更多制裁的国家一记耳光。请问发言人对此有何评论？&lt;/p&gt;&lt;p style=&quot;margin-top: 0px; margin-bottom: 29px; padding: 0px; line-height: 28px; font-family: 宋体, Arial, sans-serif; font-size: 15.9996px; white-space: normal; background-color: rgb(255, 255, 255);&quot;&gt;　　陆慷说：“朝鲜不顾国际社会普遍反对再次进行核试验，中国政府在第一时间就表明了坚决反对的严正立场。刚才我已说过，朝鲜本应有和平利用太空权利，但当前朝方这一权利受到安理会决议的限制。我们希望朝方保持克制。”&lt;/p&gt;&lt;p style=&quot;margin-top: 0px; margin-bottom: 29px; padding: 0px; line-height: 28px; font-family: 宋体, Arial, sans-serif; font-size: 15.9996px; white-space: normal; background-color: rgb(255, 255, 255);&quot;&gt;　　“同时，当前形势下，摆在国际社会面前最紧追的任务，是如何能够切实推进朝鲜半岛无核化进程、切实维护半岛和平稳定，而不是任何其它。克里国务卿上周访华时也明确公开表示，制裁本身不是目的，” 陆慷说。&lt;/p&gt;&lt;p style=&quot;margin-top: 0px; margin-bottom: 29px; padding: 0px; line-height: 28px; font-family: 宋体, Arial, sans-serif; font-size: 15.9996px; white-space: normal; background-color: rgb(255, 255, 255);&quot;&gt;　　陆慷指出，事实上，如果我们大家回顾一下朝鲜半岛核问题的演变历程，就不难意识到，为推进朝鲜半岛无核化进程，我们曾经有过很好的“9·19”共同声明，在这个声明中，朝鲜明确承诺“放弃一切核武器及现有核计划，早日重返《不扩散核武器条约》，并回到国际原子能机构保障监督。”我们也曾有过很好的“2·13”共同文件，在这个文件中，朝鲜明确承诺了弃核的目标和具体步骤。&lt;/p&gt;&lt;p style=&quot;margin-top: 0px; margin-bottom: 29px; padding: 0px; line-height: 28px; font-family: 宋体, Arial, sans-serif; font-size: 15.9996px; white-space: normal; background-color: rgb(255, 255, 255);&quot;&gt;　　陆慷表示：“中方作为六方会谈主席国，为真正推进朝鲜半岛无核化进程、为促成有关各方达成上述共识作出了极为艰辛的努力。但令人十分遗憾的是，由于众所周知的、并非中方的原因，上述共识未能得到落实，六方会谈陷入停顿。而恰恰是在六方会谈陷入停顿的这几年中，在有关国家一味主张施压和制裁的呼声中，朝鲜一次次进行了核试验。从这个意义上讲，朝鲜确实打了有关国家一记耳光。这个耳光打在谁的脸上、谁心里清楚。”&lt;/p&gt;&lt;p style=&quot;margin-top: 0px; margin-bottom: 29px; padding: 0px; line-height: 28px; font-family: 宋体, Arial, sans-serif; font-size: 15.9996px; white-space: normal; background-color: rgb(255, 255, 255);&quot;&gt;　　陆慷说：“我们希望有关国家通过谈判解决半岛核问题，不希望看到使紧张局势升级的局面出现。但如果有关方面执意这么做，我们也拦不住。不过有一点中方必须严肃强调，作为半岛近邻，我们绝不会允许半岛生乱、生战；我们也绝不会允许任何国家在国际社会推动半岛无核化这个大目标中夹带任何私货。”&lt;/p&gt;&lt;p style=&quot;margin-top: 0px; margin-bottom: 29px; padding: 0px; line-height: 28px; font-family: 宋体, Arial, sans-serif; font-size: 15.9996px; white-space: normal; background-color: rgb(255, 255, 255);&quot;&gt;　　陆慷最后表示：“我愿重申，中国政府坚持实现半岛无核化坚定不移，坚持维护半岛和平稳定坚定不移，坚持通过对话解决半岛核问题坚定不移。”&lt;a href=&quot;http://www.qq.com/?pref=article&quot; target=&quot;_blank&quot; title=&quot;点击进入腾讯首页&quot; id=&quot;backqqcom&quot; style=&quot;outline: none; color: rgb(81, 112, 166); text-decoration: none; border-style: none none dotted; border-bottom-width: 1px; border-bottom-color: rgb(83, 109, 166); white-space: nowrap;&quot;&gt;&lt;img src=&quot;http://www.qq.com/favicon.ico&quot; width=&quot;16&quot; height=&quot;16&quot; style=&quot;border: none; vertical-align: text-top; max-width: 640px;&quot;/&gt;&lt;span style=&quot;padding-left: 5px; font-size: 14px;&quot;&gt;返回腾讯网首页&amp;gt;&amp;gt;&lt;/span&gt;&lt;/a&gt;&lt;/p&gt;&lt;p&gt;&amp;nbsp; &amp;nbsp; &amp;nbsp; &amp;nbsp; &amp;nbsp; &amp;nbsp; &amp;nbsp; &amp;nbsp; &amp;nbsp; &amp;nbsp;&lt;br/&gt;&lt;/p&gt;'),
(8, 0, '朝鲜中央电视台：朝鲜今日成功发射人造卫星', '新华网', NULL, '&lt;p style=&quot;text-align:center;margin-top: 0px; margin-bottom: 29px; padding: 0px; line-height: 28px; font-family: 宋体, Arial, sans-serif; font-size: 15.9996px; white-space: normal; background-color: rgb(255, 255, 255);&quot;&gt;&lt;br/&gt;&lt;/p&gt;&lt;p&gt;&lt;img alt=&quot;朝鲜中央电视台：朝鲜今日成功发射人造卫星&quot; src=&quot;/ueditor/php/upload/image/20160207/1454817265846895.jpg&quot; style=&quot;border: none; vertical-align: bottom; max-width: 640px;&quot;/&gt;&lt;/p&gt;&lt;p&gt;&lt;br/&gt;&lt;/p&gt;&lt;p style=&quot;margin-top: 0px; margin-bottom: 29px; padding: 0px; line-height: 28px; font-family: 宋体, Arial, sans-serif; font-size: 15.9996px; white-space: normal; text-indent: 2em; background-color: rgb(255, 255, 255);&quot;&gt;今日上午8时30分，朝鲜在东仓里发射中心发射了一枚运载火箭。日本共同社记者在我国辽宁省丹东市拍摄到朝鲜火箭飞行照片。&lt;/p&gt;&lt;p style=&quot;margin-top: 0px; margin-bottom: 29px; padding: 0px; line-height: 28px; font-family: 宋体, Arial, sans-serif; font-size: 15.9996px; white-space: normal; text-indent: 2em; background-color: rgb(255, 255, 255);&quot;&gt;新华社快讯：朝鲜中央电视台7日说，朝鲜当天成功发射一颗人造卫星。&lt;/p&gt;&lt;p style=&quot;margin-top: 0px; margin-bottom: 29px; padding: 0px; line-height: 28px; font-family: 宋体, Arial, sans-serif; font-size: 15.9996px; white-space: normal; text-indent: 2em; background-color: rgb(255, 255, 255);&quot;&gt;朝中社：朝鲜今日成功发射光明星4号卫星。火箭发射9分46秒后，成功进入预定轨道。朝鲜声称其卫星位于地球极地轨道近地点高度494.6公里，远地点高度500公里，倾角97.4度。卫星绕地一周周期是94分钟24秒。&lt;/p&gt;&lt;p style=&quot;margin-top: 0px; margin-bottom: 29px; padding: 0px; line-height: 28px; font-family: 宋体, Arial, sans-serif; font-size: 15.9996px; white-space: normal; text-indent: 2em; background-color: rgb(255, 255, 255);&quot;&gt;朝鲜发誓今后还将继续太空事业，发射更多的卫星。&lt;br/&gt;&lt;/p&gt;&lt;p style=&quot;margin-top: 0px; margin-bottom: 29px; padding: 0px; line-height: 28px; font-family: 宋体, Arial, sans-serif; font-size: 15.9996px; white-space: normal; text-indent: 2em; background-color: rgb(255, 255, 255);&quot;&gt;&lt;strong&gt;分析：&lt;/strong&gt;&lt;/p&gt;&lt;p style=&quot;margin-top: 0px; margin-bottom: 29px; padding: 0px; line-height: 28px; font-family: 宋体, Arial, sans-serif; font-size: 15.9996px; white-space: normal; text-indent: 2em; background-color: rgb(255, 255, 255);&quot;&gt;新华社北京2月7日电 据韩联社报道，朝鲜当地时间7日上午发射一枚“远程火箭”。这一消息引起国际社会严重关切。分析人士认为，这是朝鲜继今年1月上旬进行核试验后，在一个月时间里第二次违反安理会决议。&lt;/p&gt;&lt;p style=&quot;margin-top: 0px; margin-bottom: 29px; padding: 0px; line-height: 28px; font-family: 宋体, Arial, sans-serif; font-size: 15.9996px; white-space: normal; text-indent: 2em; background-color: rgb(255, 255, 255);&quot;&gt;&lt;strong&gt;朝鲜这次“远程火箭”是在何时何地发射？这次发射与以往有何不同？&lt;/strong&gt;&lt;/p&gt;&lt;p style=&quot;margin-top: 0px; margin-bottom: 29px; padding: 0px; line-height: 28px; font-family: 宋体, Arial, sans-serif; font-size: 15.9996px; white-space: normal; text-indent: 2em; background-color: rgb(255, 255, 255);&quot;&gt;据韩联社援引韩国国防部消息报道，朝鲜于韩国时间7日上午约9时30分（北京时间约8时30分）发射“远程火箭”。发射地点位于平安北道铁山郡东仓里。截至目前，火箭已经成功完成第一阶段分离。&lt;/p&gt;&lt;p style=&quot;margin-top: 0px; margin-bottom: 29px; padding: 0px; line-height: 28px; font-family: 宋体, Arial, sans-serif; font-size: 15.9996px; white-space: normal; text-indent: 2em; background-color: rgb(255, 255, 255);&quot;&gt;本月2日，&lt;span class=&quot;infoMblog&quot; style=&quot;position: relative; z-index: 9;&quot;&gt;&lt;a class=&quot;a-tips-Article-QQ&quot; href=&quot;http://t.qq.com/WorldFoodProgramme#pref=qqcom.keyword&quot; rel=&quot;WorldFoodProgramme&quot; reltitle=&quot;联合国&quot; target=&quot;_blank&quot; style=&quot;outline: none; color: rgb(0, 0, 0); text-decoration: none; border-bottom-width: 1px; border-bottom-style: dotted; border-bottom-color: rgb(83, 109, 166);&quot;&gt;联合国&lt;/a&gt;&lt;/span&gt;秘书长副发言人哈克确认，朝鲜方面已通知联合国相关机构朝方将于2月8日至25日期间发射一颗卫星。2月6日，朝鲜通告将发射时间提前至2月7日至14日。&lt;/p&gt;&lt;p style=&quot;margin-top: 0px; margin-bottom: 29px; padding: 0px; line-height: 28px; font-family: 宋体, Arial, sans-serif; font-size: 15.9996px; white-space: normal; text-indent: 2em; background-color: rgb(255, 255, 255);&quot;&gt;1998年8月31日，朝鲜发射“光明星一号”人造地球卫星。但美国等一些国家认为朝鲜发射的是“大浦洞1号”洲际弹道导弹。&lt;/p&gt;&lt;p style=&quot;margin-top: 0px; margin-bottom: 29px; padding: 0px; line-height: 28px; font-family: 宋体, Arial, sans-serif; font-size: 15.9996px; white-space: normal; text-indent: 2em; background-color: rgb(255, 255, 255);&quot;&gt;&lt;strong&gt;韩国、日本及美国、俄罗斯如何看待朝鲜此举？&lt;/strong&gt;&lt;/p&gt;&lt;p style=&quot;margin-top: 0px; margin-bottom: 29px; padding: 0px; line-height: 28px; font-family: 宋体, Arial, sans-serif; font-size: 15.9996px; white-space: normal; text-indent: 2em; background-color: rgb(255, 255, 255);&quot;&gt;朝鲜发射“&lt;span style=&quot;color: rgb(255, 0, 0);&quot;&gt;远程火箭&lt;/span&gt;”消息引发国际关注。据报道，美国、韩国和日本已向联合国安理会发出联合申请，若朝鲜此次火箭发射成功，安理会应就此召开紧急会议。联合国一位不愿透露姓名的官员说，安理会或将于7日召开紧急会议。&lt;/p&gt;&lt;p style=&quot;margin-top: 0px; margin-bottom: 29px; padding: 0px; line-height: 28px; font-family: 宋体, Arial, sans-serif; font-size: 15.9996px; white-space: normal; text-indent: 2em; background-color: rgb(255, 255, 255);&quot;&gt;韩国国防部表示，朝鲜此举是对联合国安理会决议的挑衅。&lt;/p&gt;&lt;p style=&quot;margin-top: 0px; margin-bottom: 29px; padding: 0px; line-height: 28px; font-family: 宋体, Arial, sans-serif; font-size: 15.9996px; white-space: normal; text-indent: 2em; background-color: rgb(255, 255, 255);&quot;&gt;日本政府强烈谴责朝鲜发射“远程火箭”，称其威胁日本及周边国家安全，违反联合国安理会决议。日本首相安倍晋三称，朝鲜此举“绝对不可容忍”。&lt;/p&gt;&lt;p style=&quot;margin-top: 0px; margin-bottom: 29px; padding: 0px; line-height: 28px; font-family: 宋体, Arial, sans-serif; font-size: 15.9996px; white-space: normal; text-indent: 2em; background-color: rgb(255, 255, 255);&quot;&gt;日本广播协会（NHK）报道，在火箭飞过日本冲绳上空时，自卫队判断火箭落入日本境内的可能性低，因此没有启动拦截装置。&lt;/p&gt;&lt;p style=&quot;margin-top: 0px; margin-bottom: 29px; padding: 0px; line-height: 28px; font-family: 宋体, Arial, sans-serif; font-size: 15.9996px; white-space: normal; text-indent: 2em; background-color: rgb(255, 255, 255);&quot;&gt;美国总统国家安全事务助理赖斯表示，朝鲜7日发射“导弹”是一起破坏稳定和挑衅的行为，公然违反了多项联合国安理会决议。&lt;/p&gt;&lt;p style=&quot;margin-top: 0px; margin-bottom: 29px; padding: 0px; line-height: 28px; font-family: 宋体, Arial, sans-serif; font-size: 15.9996px; white-space: normal; text-indent: 2em; background-color: rgb(255, 255, 255);&quot;&gt;朝鲜本月初宣布其发射计划后，中方表示，希望朝鲜在发射卫星问题上保持克制，慎重行事，不要采取可能导致半岛局势进一步紧张升级的行动。&lt;/p&gt;&lt;p style=&quot;margin-top: 0px; margin-bottom: 29px; padding: 0px; line-height: 28px; font-family: 宋体, Arial, sans-serif; font-size: 15.9996px; white-space: normal; text-indent: 2em; background-color: rgb(255, 255, 255);&quot;&gt;&lt;strong&gt;这次发射对地区局势稳定有怎样的影响？&lt;/strong&gt;&lt;/p&gt;&lt;p style=&quot;margin-top: 0px; margin-bottom: 29px; padding: 0px; line-height: 28px; font-family: 宋体, Arial, sans-serif; font-size: 15.9996px; white-space: normal; text-indent: 2em; background-color: rgb(255, 255, 255);&quot;&gt;分析人士认为，朝鲜本月初进行了核试验，此次发射行为势必将加剧地区紧张和复杂局势。一方面，联合国安理会会对朝鲜采取更多制裁措施，另一方面，朝鲜有可能就此采取更多“报复”手段对抗制裁，将半岛局势逐渐拖入一种负面循环。&lt;/p&gt;&lt;p style=&quot;margin-top: 0px; margin-bottom: 29px; padding: 0px; line-height: 28px; font-family: 宋体, Arial, sans-serif; font-size: 15.9996px; white-space: normal; text-indent: 2em; background-color: rgb(255, 255, 255);&quot;&gt;事实证明，长期的军事威慑和经济制裁并没有达到使朝鲜弃核的目的，反而使半岛形势不断紧张。朝鲜正是在频频制裁和六方会谈停顿这8年多期间，进行了数次核试验。很明显，拒绝和中断谈判才是导致目前局势的真正原因，只有谈判才是解决朝核问题的唯一途径。朝鲜半岛要想真正实现和平稳定，各方都应思考如何能为恢复谈判发挥建设性作用，实现朝核问题软着陆。（参与记者：商婧、班威、侯莉萍、王家辉、刘秀玲）&lt;/p&gt;&lt;p&gt;&lt;br/&gt;&lt;/p&gt;');
INSERT INTO `document` (`id`, `index_id`, `title`, `author`, `editor`, `content`) VALUES
(10, 0, '朝鲜中央电视台：朝鲜今日成功发射人造卫星', '新华网', NULL, '&lt;p style=&quot;text-align:center;margin-top: 0px; margin-bottom: 29px; padding: 0px; line-height: 28px; font-family: 宋体, Arial, sans-serif; font-size: 15.9996px; white-space: normal; background-color: rgb(255, 255, 255);&quot;&gt;&lt;br/&gt;&lt;/p&gt;&lt;p&gt;&lt;img alt=&quot;朝鲜中央电视台：朝鲜今日成功发射人造卫星&quot; src=&quot;/ueditor/php/upload/image/20160207/1454817265846895.jpg&quot; style=&quot;border: none; vertical-align: bottom; max-width: 640px;&quot;/&gt;&lt;/p&gt;&lt;p&gt;&lt;br/&gt;&lt;/p&gt;&lt;p style=&quot;margin-top: 0px; margin-bottom: 29px; padding: 0px; line-height: 28px; font-family: 宋体, Arial, sans-serif; font-size: 15.9996px; white-space: normal; text-indent: 2em; background-color: rgb(255, 255, 255);&quot;&gt;今日上午8时30分，朝鲜在东仓里发射中心发射了一枚运载火箭。日本共同社记者在我国辽宁省丹东市拍摄到朝鲜火箭飞行照片。&lt;/p&gt;&lt;p style=&quot;margin-top: 0px; margin-bottom: 29px; padding: 0px; line-height: 28px; font-family: 宋体, Arial, sans-serif; font-size: 15.9996px; white-space: normal; text-indent: 2em; background-color: rgb(255, 255, 255);&quot;&gt;新华社快讯：朝鲜中央电视台7日说，朝鲜当天成功发射一颗人造卫星。&lt;/p&gt;&lt;p style=&quot;margin-top: 0px; margin-bottom: 29px; padding: 0px; line-height: 28px; font-family: 宋体, Arial, sans-serif; font-size: 15.9996px; white-space: normal; text-indent: 2em; background-color: rgb(255, 255, 255);&quot;&gt;朝中社：朝鲜今日成功发射光明星4号卫星。火箭发射9分46秒后，成功进入预定轨道。朝鲜声称其卫星位于地球极地轨道近地点高度494.6公里，远地点高度500公里，倾角97.4度。卫星绕地一周周期是94分钟24秒。&lt;/p&gt;&lt;p style=&quot;margin-top: 0px; margin-bottom: 29px; padding: 0px; line-height: 28px; font-family: 宋体, Arial, sans-serif; font-size: 15.9996px; white-space: normal; text-indent: 2em; background-color: rgb(255, 255, 255);&quot;&gt;朝鲜发誓今后还将继续太空事业，发射更多的卫星。&lt;br/&gt;&lt;/p&gt;&lt;p style=&quot;margin-top: 0px; margin-bottom: 29px; padding: 0px; line-height: 28px; font-family: 宋体, Arial, sans-serif; font-size: 15.9996px; white-space: normal; text-indent: 2em; background-color: rgb(255, 255, 255);&quot;&gt;&lt;strong&gt;分析：&lt;/strong&gt;&lt;/p&gt;&lt;p style=&quot;margin-top: 0px; margin-bottom: 29px; padding: 0px; line-height: 28px; font-family: 宋体, Arial, sans-serif; font-size: 15.9996px; white-space: normal; text-indent: 2em; background-color: rgb(255, 255, 255);&quot;&gt;新华社北京2月7日电 据韩联社报道，朝鲜当地时间7日上午发射一枚“远程火箭”。这一消息引起国际社会严重关切。分析人士认为，这是朝鲜继今年1月上旬进行核试验后，在一个月时间里第二次违反安理会决议。&lt;/p&gt;&lt;p style=&quot;margin-top: 0px; margin-bottom: 29px; padding: 0px; line-height: 28px; font-family: 宋体, Arial, sans-serif; font-size: 15.9996px; white-space: normal; text-indent: 2em; background-color: rgb(255, 255, 255);&quot;&gt;&lt;strong&gt;朝鲜这次“远程火箭”是在何时何地发射？这次发射与以往有何不同？&lt;/strong&gt;&lt;/p&gt;&lt;p style=&quot;margin-top: 0px; margin-bottom: 29px; padding: 0px; line-height: 28px; font-family: 宋体, Arial, sans-serif; font-size: 15.9996px; white-space: normal; text-indent: 2em; background-color: rgb(255, 255, 255);&quot;&gt;据韩联社援引韩国国防部消息报道，朝鲜于韩国时间7日上午约9时30分（北京时间约8时30分）发射“远程火箭”。发射地点位于平安北道铁山郡东仓里。截至目前，火箭已经成功完成第一阶段分离。&lt;/p&gt;&lt;p style=&quot;margin-top: 0px; margin-bottom: 29px; padding: 0px; line-height: 28px; font-family: 宋体, Arial, sans-serif; font-size: 15.9996px; white-space: normal; text-indent: 2em; background-color: rgb(255, 255, 255);&quot;&gt;本月2日，&lt;span class=&quot;infoMblog&quot; style=&quot;position: relative; z-index: 9;&quot;&gt;&lt;a class=&quot;a-tips-Article-QQ&quot; href=&quot;http://t.qq.com/WorldFoodProgramme#pref=qqcom.keyword&quot; rel=&quot;WorldFoodProgramme&quot; reltitle=&quot;联合国&quot; target=&quot;_blank&quot; style=&quot;outline: none; color: rgb(0, 0, 0); text-decoration: none; border-bottom-width: 1px; border-bottom-style: dotted; border-bottom-color: rgb(83, 109, 166);&quot;&gt;联合国&lt;/a&gt;&lt;/span&gt;秘书长副发言人哈克确认，朝鲜方面已通知联合国相关机构朝方将于2月8日至25日期间发射一颗卫星。2月6日，朝鲜通告将发射时间提前至2月7日至14日。&lt;/p&gt;&lt;p style=&quot;margin-top: 0px; margin-bottom: 29px; padding: 0px; line-height: 28px; font-family: 宋体, Arial, sans-serif; font-size: 15.9996px; white-space: normal; text-indent: 2em; background-color: rgb(255, 255, 255);&quot;&gt;1998年8月31日，朝鲜发射“光明星一号”人造地球卫星。但美国等一些国家认为朝鲜发射的是“大浦洞1号”洲际弹道导弹。&lt;/p&gt;&lt;p style=&quot;margin-top: 0px; margin-bottom: 29px; padding: 0px; line-height: 28px; font-family: 宋体, Arial, sans-serif; font-size: 15.9996px; white-space: normal; text-indent: 2em; background-color: rgb(255, 255, 255);&quot;&gt;&lt;strong&gt;韩国、日本及美国、俄罗斯如何看待朝鲜此举？&lt;/strong&gt;&lt;/p&gt;&lt;p style=&quot;margin-top: 0px; margin-bottom: 29px; padding: 0px; line-height: 28px; font-family: 宋体, Arial, sans-serif; font-size: 15.9996px; white-space: normal; text-indent: 2em; background-color: rgb(255, 255, 255);&quot;&gt;朝鲜发射“&lt;span style=&quot;color: rgb(255, 0, 0);&quot;&gt;远程火箭&lt;/span&gt;”消息引发国际关注。据报道，美国、韩国和日本已向联合国安理会发出联合申请，若朝鲜此次火箭发射成功，安理会应就此召开紧急会议。联合国一位不愿透露姓名的官员说，安理会或将于7日召开紧急会议。&lt;/p&gt;&lt;p style=&quot;margin-top: 0px; margin-bottom: 29px; padding: 0px; line-height: 28px; font-family: 宋体, Arial, sans-serif; font-size: 15.9996px; white-space: normal; text-indent: 2em; background-color: rgb(255, 255, 255);&quot;&gt;韩国国防部表示，朝鲜此举是对联合国安理会决议的挑衅。&lt;/p&gt;&lt;p style=&quot;margin-top: 0px; margin-bottom: 29px; padding: 0px; line-height: 28px; font-family: 宋体, Arial, sans-serif; font-size: 15.9996px; white-space: normal; text-indent: 2em; background-color: rgb(255, 255, 255);&quot;&gt;日本政府强烈谴责朝鲜发射“远程火箭”，称其威胁日本及周边国家安全，违反联合国安理会决议。日本首相安倍晋三称，朝鲜此举“绝对不可容忍”。&lt;/p&gt;&lt;p style=&quot;margin-top: 0px; margin-bottom: 29px; padding: 0px; line-height: 28px; font-family: 宋体, Arial, sans-serif; font-size: 15.9996px; white-space: normal; text-indent: 2em; background-color: rgb(255, 255, 255);&quot;&gt;日本广播协会（NHK）报道，在火箭飞过日本冲绳上空时，自卫队判断火箭落入日本境内的可能性低，因此没有启动拦截装置。&lt;/p&gt;&lt;p style=&quot;margin-top: 0px; margin-bottom: 29px; padding: 0px; line-height: 28px; font-family: 宋体, Arial, sans-serif; font-size: 15.9996px; white-space: normal; text-indent: 2em; background-color: rgb(255, 255, 255);&quot;&gt;美国总统国家安全事务助理赖斯表示，朝鲜7日发射“导弹”是一起破坏稳定和挑衅的行为，公然违反了多项联合国安理会决议。&lt;/p&gt;&lt;p style=&quot;margin-top: 0px; margin-bottom: 29px; padding: 0px; line-height: 28px; font-family: 宋体, Arial, sans-serif; font-size: 15.9996px; white-space: normal; text-indent: 2em; background-color: rgb(255, 255, 255);&quot;&gt;朝鲜本月初宣布其发射计划后，中方表示，希望朝鲜在发射卫星问题上保持克制，慎重行事，不要采取可能导致半岛局势进一步紧张升级的行动。&lt;/p&gt;&lt;p style=&quot;margin-top: 0px; margin-bottom: 29px; padding: 0px; line-height: 28px; font-family: 宋体, Arial, sans-serif; font-size: 15.9996px; white-space: normal; text-indent: 2em; background-color: rgb(255, 255, 255);&quot;&gt;&lt;strong&gt;这次发射对地区局势稳定有怎样的影响？&lt;/strong&gt;&lt;/p&gt;&lt;p style=&quot;margin-top: 0px; margin-bottom: 29px; padding: 0px; line-height: 28px; font-family: 宋体, Arial, sans-serif; font-size: 15.9996px; white-space: normal; text-indent: 2em; background-color: rgb(255, 255, 255);&quot;&gt;分析人士认为，朝鲜本月初进行了核试验，此次发射行为势必将加剧地区紧张和复杂局势。一方面，联合国安理会会对朝鲜采取更多制裁措施，另一方面，朝鲜有可能就此采取更多“报复”手段对抗制裁，将半岛局势逐渐拖入一种负面循环。&lt;/p&gt;&lt;p style=&quot;margin-top: 0px; margin-bottom: 29px; padding: 0px; line-height: 28px; font-family: 宋体, Arial, sans-serif; font-size: 15.9996px; white-space: normal; text-indent: 2em; background-color: rgb(255, 255, 255);&quot;&gt;事实证明，长期的军事威慑和经济制裁并没有达到使朝鲜弃核的目的，反而使半岛形势不断紧张。朝鲜正是在频频制裁和六方会谈停顿这8年多期间，进行了数次核试验。很明显，拒绝和中断谈判才是导致目前局势的真正原因，只有谈判才是解决朝核问题的唯一途径。朝鲜半岛要想真正实现和平稳定，各方都应思考如何能为恢复谈判发挥建设性作用，实现朝核问题软着陆。（参与记者：商婧、班威、侯莉萍、王家辉、刘秀玲）&lt;/p&gt;&lt;p&gt;&lt;br/&gt;&lt;/p&gt;'),
(18, 0, '超6省份将上调公务员工资', '一33', NULL, '&lt;p&gt;著作权归作者所有。&lt;br/&gt;商业转载请联系作者获得授权，非商业转载请注明出处。&lt;br/&gt;作者：火晴云&lt;br/&gt;链接：https://www.zhihu.com/question/19621333/answer/14509610&lt;br/&gt;来源：知乎&lt;br/&gt;&lt;br/&gt;&lt;/p&gt;&lt;p&gt;似乎大多数回答是一年前的了 &amp;nbsp;更新一下这里的一些争议吧 &lt;br/&gt;&lt;br/&gt;JQuery从1.7版本开始将bind(),live()和delegate()方法合并成了on()方法了&lt;br/&gt;同样unbind(),die()和undelegate()方法也合并成了off()方法&lt;br/&gt;&lt;br/&gt;新旧API对比:&lt;br/&gt;&lt;br/&gt;$(&amp;#39;a&amp;#39;).bind(&amp;#39;click&amp;#39;, myHandler); &lt;br/&gt;$(&amp;#39;a&amp;#39;).on(&amp;#39;click&amp;#39;, myHandler); &lt;br/&gt;&lt;br/&gt;$(&amp;#39;form&amp;#39;).bind(&amp;#39;submit&amp;#39;, { val: 42 }, fn); &lt;br/&gt;$(&amp;#39;form&amp;#39;).on(&amp;#39;submit&amp;#39;, { val: 42 }, fn); &lt;br/&gt;&lt;br/&gt;$(window).unbind(&amp;#39;scroll.myPlugin&amp;#39;); &lt;br/&gt;$(window).off(&amp;#39;scroll.myPlugin&amp;#39;); &lt;br/&gt;&lt;br/&gt;$(&amp;#39;.comment&amp;#39;).delegate(&amp;#39;a.add&amp;#39;, &amp;#39;click&amp;#39;, addNew); &lt;br/&gt;$(&amp;#39;.comment&amp;#39;).on(&amp;#39;click&amp;#39;, &amp;#39;a.add&amp;#39;, addNew); &lt;br/&gt;&lt;br/&gt;$(&amp;#39;.dialog&amp;#39;).undelegate(&amp;#39;a&amp;#39;, &amp;#39;click.myDlg&amp;#39;); &lt;br/&gt;$(&amp;#39;.dialog&amp;#39;).off(&amp;#39;click.myDlg&amp;#39;, &amp;#39;a&amp;#39;); &amp;nbsp;&lt;br/&gt;&lt;br/&gt;$(&amp;#39;a&amp;#39;).live(&amp;#39;click&amp;#39;, fn); &lt;br/&gt;$(document).on(&amp;#39;click&amp;#39;, &amp;#39;a&amp;#39;, fn); &lt;br/&gt;&lt;br/&gt;$(&amp;#39;a&amp;#39;).die(&amp;#39;click&amp;#39;); &lt;br/&gt;$(document).off(&amp;#39;click&amp;#39;, &amp;#39;a&amp;#39;);&lt;br/&gt;&lt;br/&gt;了解更多:&lt;a href=&quot;//link.zhihu.com/?target=http%3A//blog.jquery.com/2011/11/03/jquery-1-7-released/&quot; class=&quot; external&quot; target=&quot;_blank&quot; rel=&quot;nofollow noreferrer&quot;&gt;&lt;span class=&quot;invisible&quot;&gt;http://&lt;/span&gt;&lt;span class=&quot;visible&quot;&gt;blog.jquery.com/2011/11&lt;/span&gt;&lt;span class=&quot;invisible&quot;&gt;/03/jquery-1-7-released/&lt;/span&gt;&lt;span class=&quot;ellipsis&quot;&gt;&lt;/span&gt;&lt;em class=&quot;icon-external&quot;&gt;&lt;/em&gt;&lt;/a&gt;&lt;/p&gt;&lt;p&gt;&lt;br/&gt;&lt;/p&gt;'),
(20, 0, '试试', '得到', NULL, '&lt;p&gt;的发生地方&lt;/p&gt;'),
(21, 0, '试试', '得到', NULL, '&lt;p&gt;的发生地方&lt;/p&gt;'),
(23, 0, '山西煤炭业困境：总理调研时工人拿到半年前工资', '水电费收到', NULL, '&lt;p style=&quot;margin-top: 0px; margin-bottom: 29px; padding: 0px; line-height: 28px; font-family: 宋体, Arial, sans-serif; font-size: 15.9996px; white-space: normal; text-indent: 2em; background-color: rgb(255, 255, 255);&quot;&gt;杜家沟煤矿减员:干部留守,职工自谋生路&lt;/p&gt;&lt;p style=&quot;margin-top: 0px; margin-bottom: 29px; padding: 0px; line-height: 28px; font-family: 宋体, Arial, sans-serif; font-size: 15.9996px; white-space: normal; text-indent: 2em; background-color: rgb(255, 255, 255);&quot;&gt;本报记者王峰山西报道&lt;/p&gt;&lt;p style=&quot;margin-top: 0px; margin-bottom: 29px; padding: 0px; line-height: 28px; font-family: 宋体, Arial, sans-serif; font-size: 15.9996px; white-space: normal; text-indent: 2em; background-color: rgb(255, 255, 255);&quot;&gt;&lt;br/&gt;&lt;/p&gt;&lt;p style=&quot;text-align:center;margin-top: 0px; margin-bottom: 29px; padding: 0px; line-height: 28px; font-family: 宋体, Arial, sans-serif; font-size: 15.9996px; white-space: normal; background-color: rgb(255, 255, 255);&quot;&gt;&lt;br/&gt;&lt;/p&gt;&lt;p&gt;&lt;img alt=&quot;山西煤炭业困境：总理调研时工人拿到半年前工资&quot; src=&quot;/ueditor/php/upload/image/20160220/1455959578964864.jpg&quot; style=&quot;border: none; vertical-align: bottom; max-width: 640px;&quot;/&gt;&lt;/p&gt;&lt;p&gt;&lt;br/&gt;&lt;/p&gt;&lt;p style=&quot;text-align:center;margin-top: 0px; margin-bottom: 29px; padding: 0px; line-height: 28px; font-family: 宋体, Arial, sans-serif; font-size: 15.9996px; white-space: normal; background-color: rgb(255, 255, 255);&quot;&gt;西山煤电办公大楼。资料图&lt;/p&gt;&lt;p style=&quot;margin-top: 0px; margin-bottom: 29px; padding: 0px; line-height: 28px; font-family: 宋体, Arial, sans-serif; font-size: 15.9996px; white-space: normal; text-indent: 2em; background-color: rgb(255, 255, 255);&quot;&gt;“领导承诺3月前会给我们补缴一年的公积金,但现在煤炭效益太差,矿上也没钱。”山西霍州煤电杜家沟煤矿矿工姚平(化名)说。&lt;/p&gt;&lt;p style=&quot;margin-top: 0px; margin-bottom: 29px; padding: 0px; line-height: 28px; font-family: 宋体, Arial, sans-serif; font-size: 15.9996px; white-space: normal; text-indent: 2em; background-color: rgb(255, 255, 255);&quot;&gt;姚平在矿上工作了十几年,和其他约两百名杜家沟煤矿的矿工一样,从2009年开始,一直被矿上拖欠住房公积金。正是2009年,在山西省煤矿企业兼并重组背景下,杜家沟煤矿与河津市杨洼煤矿、山西河津高门沟煤业有限公司等几家企业,整合为霍州煤电集团河津杜家沟煤业有限公司,从运城市属煤矿变为省属企业。&lt;/p&gt;&lt;p style=&quot;margin-top: 0px; margin-bottom: 29px; padding: 0px; line-height: 28px; font-family: 宋体, Arial, sans-serif; font-size: 15.9996px; white-space: normal; text-indent: 2em; background-color: rgb(255, 255, 255);&quot;&gt;1月5日,国务院总理李克强到山西焦煤下属的西山煤电官地矿调研时,官地矿年轻的一线工焦阳(化名)刚刚拿到2015年9月的工资,一共4000多块。&lt;/p&gt;&lt;p style=&quot;margin-top: 0px; margin-bottom: 29px; padding: 0px; line-height: 28px; font-family: 宋体, Arial, sans-serif; font-size: 15.9996px; white-space: normal; text-indent: 2em; background-color: rgb(255, 255, 255);&quot;&gt;作为这个老牌国企的矿工子弟,焦阳在2014年到煤矿上班。“那时候煤炭效益已经不好,但还是能两个月发一次工资,还会发一点奖金,到现在只能保障工资,住房公积金、企业年金都停缴了”,焦阳说。&lt;/p&gt;&lt;p style=&quot;margin-top: 0px; margin-bottom: 29px; padding: 0px; line-height: 28px; font-family: 宋体, Arial, sans-serif; font-size: 15.9996px; white-space: normal; text-indent: 2em; background-color: rgb(255, 255, 255);&quot;&gt;“听老工人讲,煤炭景气时,一线工人光工资就六七千块,再加上返利、奖金,每个月能发上八九千块”,他说。&lt;/p&gt;&lt;p style=&quot;margin-top: 0px; margin-bottom: 29px; padding: 0px; line-height: 28px; font-family: 宋体, Arial, sans-serif; font-size: 15.9996px; white-space: normal; text-indent: 2em; background-color: rgb(255, 255, 255);&quot;&gt;只有几百名职工的杜家沟如今已经停产,而拥有两万职工的官地煤矿仍在下行的煤炭形势中等待曙光。&lt;/p&gt;&lt;p style=&quot;margin-top: 0px; margin-bottom: 29px; padding: 0px; line-height: 28px; font-family: 宋体, Arial, sans-serif; font-size: 15.9996px; white-space: normal; text-indent: 2em; background-color: rgb(255, 255, 255);&quot;&gt;山西省官方用“断崖式下跌”描述2015年的煤炭行业,“2016年的走势也不容乐观。”山西省国资委工作人员孟伟(化名)说。&lt;/p&gt;&lt;p style=&quot;margin-top: 0px; margin-bottom: 29px; padding: 0px; line-height: 28px; font-family: 宋体, Arial, sans-serif; font-size: 15.9996px; white-space: normal; text-indent: 2em; background-color: rgb(255, 255, 255);&quot;&gt;“这种形势下,人员转岗分流是煤炭企业开年的重要工作。”孟伟说。杜家沟煤矿和官地煤矿这一小一大两座煤矿,几乎有着相同的转岗分流故事,以及煤炭危机中山西矿工的坚守。&lt;/p&gt;&lt;p style=&quot;margin-top: 0px; margin-bottom: 29px; padding: 0px; line-height: 28px; font-family: 宋体, Arial, sans-serif; font-size: 15.9996px; white-space: normal; text-indent: 2em; background-color: rgb(255, 255, 255);&quot;&gt;&lt;strong&gt;多年来首次全行业亏损&lt;/strong&gt;&lt;/p&gt;&lt;p style=&quot;margin-top: 0px; margin-bottom: 29px; padding: 0px; line-height: 28px; font-family: 宋体, Arial, sans-serif; font-size: 15.9996px; white-space: normal; text-indent: 2em; background-color: rgb(255, 255, 255);&quot;&gt;山西省煤炭行业形势之严峻,更体现在官方披露的一系列数据上。山西省十二届人大五次会议公布的数据显示,山西省煤炭企业2015年累计亏损94.25亿元,同比减利增亏108.29亿元。刊登在去年12月9日的《山西日报》文章透露,到2015年9月底,全省煤炭企业欠发职工工资35亿元,欠缴社会保险109亿元。这是山西首次公布这类数字。&lt;/p&gt;&lt;p style=&quot;margin-top: 0px; margin-bottom: 29px; padding: 0px; line-height: 28px; font-family: 宋体, Arial, sans-serif; font-size: 15.9996px; white-space: normal; text-indent: 2em; background-color: rgb(255, 255, 255);&quot;&gt;山西的煤炭行业正持续下行,数据显示,动力煤、炼焦煤、喷吹煤等煤种价格每个月均以每吨10元至30元的幅度下跌。和2011年5月时的高点相比,2015年底吨煤综合售价下跌了431.8元,降幅达66%。&lt;/p&gt;&lt;p style=&quot;margin-top: 0px; margin-bottom: 29px; padding: 0px; line-height: 28px; font-family: 宋体, Arial, sans-serif; font-size: 15.9996px; white-space: normal; text-indent: 2em; background-color: rgb(255, 255, 255);&quot;&gt;21世纪经济报道记者得到的数据显示,作为山西企业百强之首,山西焦煤2015年前三季度实现营业收入1480多亿元,但利润只有2.75亿元,比均衡预算指标减少了近100%。&lt;/p&gt;&lt;p style=&quot;margin-top: 0px; margin-bottom: 29px; padding: 0px; line-height: 28px; font-family: 宋体, Arial, sans-serif; font-size: 15.9996px; white-space: normal; text-indent: 2em; background-color: rgb(255, 255, 255);&quot;&gt;煤炭企业的经营压力可想而知。据权威消息源介绍,截至2015年末,山西省内几大煤炭集团的贷款余额都超过了一千亿,资产负债率超过80%。&lt;/p&gt;&lt;p style=&quot;margin-top: 0px; margin-bottom: 29px; padding: 0px; line-height: 28px; font-family: 宋体, Arial, sans-serif; font-size: 15.9996px; white-space: normal; text-indent: 2em; background-color: rgb(255, 255, 255);&quot;&gt;2015年,山西煤炭出现多年来首次全行业亏损,且巨亏惊人。行业利润从2014年的28.7亿元骤降至﹣94.25亿元。2014年11月,就任不久的山西省委书记王儒林在首次煤炭专题调研时曾慨叹,“卖一吨煤的利润买不到一瓶饮料”。现在看来,煤炭行业仍在探寻谷底。&lt;/p&gt;&lt;p style=&quot;margin-top: 0px; margin-bottom: 29px; padding: 0px; line-height: 28px; font-family: 宋体, Arial, sans-serif; font-size: 15.9996px; white-space: normal; text-indent: 2em; background-color: rgb(255, 255, 255);&quot;&gt;努力卖煤成为煤炭企业的要务,2015年末,各大煤炭集团纷纷举行重点客户座谈会。“以前只需要重点骨干客户就能支撑我们的销售任务了,但如今效益下行,西瓜要抱,芝麻也捡,现在是集团公司领导亲自带队到一线销售。”同煤集团运销公司一名销售人员说。&lt;/p&gt;&lt;p style=&quot;margin-top: 0px; margin-bottom: 29px; padding: 0px; line-height: 28px; font-family: 宋体, Arial, sans-serif; font-size: 15.9996px; white-space: normal; text-indent: 2em; background-color: rgb(255, 255, 255);&quot;&gt;“大型钢铁企业往往定期对采购的原材料价格进行对标,山西的大煤炭企业也应该‘抱团’,定期对同煤种价格对标,共同制订、遵守统一的营销策略。”他说。&lt;/p&gt;&lt;p style=&quot;margin-top: 0px; margin-bottom: 29px; padding: 0px; line-height: 28px; font-family: 宋体, Arial, sans-serif; font-size: 15.9996px; white-space: normal; text-indent: 2em; background-color: rgb(255, 255, 255);&quot;&gt;但即使卖出了煤,煤炭企业仍面临尴尬。山西省金融办一名工作人员告诉记者,2014年时,山西省金融办曾受省委领导指示,专题调研了煤炭企业回款难问题。“发现当时七大煤炭集团的应收账款超过800亿,仅山西焦煤的回收货款中,就有70%是承兑汇票,难以变现。”&lt;/p&gt;&lt;p style=&quot;margin-top: 0px; margin-bottom: 29px; padding: 0px; line-height: 28px; font-family: 宋体, Arial, sans-serif; font-size: 15.9996px; white-space: normal; text-indent: 2em; background-color: rgb(255, 255, 255);&quot;&gt;中国煤炭经济研究院课题组的调研则显示,2015年前10个月,同煤集团的总回款中,也有近一半是承兑汇票。&lt;/p&gt;&lt;p style=&quot;margin-top: 0px; margin-bottom: 29px; padding: 0px; line-height: 28px; font-family: 宋体, Arial, sans-serif; font-size: 15.9996px; white-space: normal; text-indent: 2em; background-color: rgb(255, 255, 255);&quot;&gt;&lt;strong&gt;“寒冬”里减员增效&lt;/strong&gt;&lt;/p&gt;&lt;p style=&quot;margin-top: 0px; margin-bottom: 29px; padding: 0px; line-height: 28px; font-family: 宋体, Arial, sans-serif; font-size: 15.9996px; white-space: normal; text-indent: 2em; background-color: rgb(255, 255, 255);&quot;&gt;被拖欠的不只是公积金。2月19日,姚平告诉记者,他2015年的工资只发到了2015年9月,“剩下3个月的工资等以后补发”。春节后,执行整个霍州煤电统一的工资标准,作为一线工人拿到手也只有4000块左右,比煤价最高时减少了近三分之一,“二线工人降得更多,每个月工资还不到2000块”。&lt;/p&gt;&lt;p style=&quot;margin-top: 0px; margin-bottom: 29px; padding: 0px; line-height: 28px; font-family: 宋体, Arial, sans-serif; font-size: 15.9996px; white-space: normal; text-indent: 2em; background-color: rgb(255, 255, 255);&quot;&gt;霍州煤电是山西省属重点煤企山西焦煤集团的控股子公司。21世纪经济报道获悉,职工总数5.49万的霍州煤电2015年减员4300多人。山西焦煤的分流量也很大,记者获悉,仅2015年上半年,山西焦煤就转岗分流和清退非在册人员过万人。&lt;/p&gt;&lt;p style=&quot;margin-top: 0px; margin-bottom: 29px; padding: 0px; line-height: 28px; font-family: 宋体, Arial, sans-serif; font-size: 15.9996px; white-space: normal; text-indent: 2em; background-color: rgb(255, 255, 255);&quot;&gt;霍州煤电在2009年整合了运城市4座煤矿,直到2015年9月,其中的薛虎沟煤矿才通过了竣工验收,成为第一个获批准产的整合煤矿。姚平现在就在薛虎沟煤矿上班,杜家沟煤矿至今没有完整的生产许可,“前几年也在生产,但现在煤炭效益不好,再加上查得紧,所以2015年春节后就关闭了”,他说。&lt;/p&gt;&lt;p style=&quot;margin-top: 0px; margin-bottom: 29px; padding: 0px; line-height: 28px; font-family: 宋体, Arial, sans-serif; font-size: 15.9996px; white-space: normal; text-indent: 2em; background-color: rgb(255, 255, 255);&quot;&gt;在2015年7月的一场煤炭行业内部研讨会上,山西省煤炭工业厅副厅长牛建明介绍,上世纪90年代后期,山西一批资源枯竭、扭亏无望的老国有煤矿,完成了政策性破产,但部分办社会职能并未移交地方。随着时间推移,一部分煤矿资源枯竭,亏损严重,靠煤矿自身很难解决职工安置等问题。&lt;/p&gt;&lt;p style=&quot;margin-top: 0px; margin-bottom: 29px; padding: 0px; line-height: 28px; font-family: 宋体, Arial, sans-serif; font-size: 15.9996px; white-space: normal; text-indent: 2em; background-color: rgb(255, 255, 255);&quot;&gt;姚平就属于这支队伍。2009年,他所在的运城市杜家沟煤矿被霍州煤电接管,姚平成为新煤矿的员工。但新煤矿却并未给姚平这些遗留职工继续缴纳住房公积金,“当时的说法是,接管手续没理顺不能缴公积金,以后煤炭价格不行了,矿上也就没钱再缴”,姚平说。&lt;/p&gt;&lt;p style=&quot;margin-top: 0px; margin-bottom: 29px; padding: 0px; line-height: 28px; font-family: 宋体, Arial, sans-serif; font-size: 15.9996px; white-space: normal; text-indent: 2em; background-color: rgb(255, 255, 255);&quot;&gt;可姚平已感到庆幸,“听说有的资源整合煤矿里,整合前遗留的人员,在这次人员转岗分流中被清理了”。他所在的霍州煤电2015年减员超过四千人,官方数据称节约人工成本7090.4万元。&lt;/p&gt;&lt;p style=&quot;margin-top: 0px; margin-bottom: 29px; padding: 0px; line-height: 28px; font-family: 宋体, Arial, sans-serif; font-size: 15.9996px; white-space: normal; text-indent: 2em; background-color: rgb(255, 255, 255);&quot;&gt;杜家沟煤矿生产高峰时曾有约600名职工,如今停产,“科长以上干部和一些技术人员在矿上留守,其余职工大部分放假自谋生路”,姚平说。&lt;/p&gt;&lt;p style=&quot;margin-top: 0px; margin-bottom: 29px; padding: 0px; line-height: 28px; font-family: 宋体, Arial, sans-serif; font-size: 15.9996px; white-space: normal; text-indent: 2em; background-color: rgb(255, 255, 255);&quot;&gt;姚平和其他20几名矿工被分流到了薛虎沟煤矿,还有一支20多人的矿工被分流到了同属霍州煤电的腾晖煤矿。&lt;/p&gt;&lt;p style=&quot;margin-top: 0px; margin-bottom: 29px; padding: 0px; line-height: 28px; font-family: 宋体, Arial, sans-serif; font-size: 15.9996px; white-space: normal; text-indent: 2em; background-color: rgb(255, 255, 255);&quot;&gt;剩下的职工除了在杜家沟矿留守,现在都已放假自谋生路。“杜家沟煤矿原来职工中男女比例大约对半,但停产后女职工几乎没有获得分流”,他介绍,“放假的职工名义上每人每月有1000元的生活费,但扣除社保后只剩500多元,听说这500多元现在也没有及时发放”。&lt;/p&gt;&lt;p style=&quot;margin-top: 0px; margin-bottom: 29px; padding: 0px; line-height: 28px; font-family: 宋体, Arial, sans-serif; font-size: 15.9996px; white-space: normal; text-indent: 2em; background-color: rgb(255, 255, 255);&quot;&gt;煤矿用工其实比较松散,姚平现在所在的薛虎沟煤矿,在册职工约600人,“也有一两百人并不常来上班,他们门路多,自己谋生去了”,姚平说,“让他们回煤矿都不会回来”。&lt;/p&gt;&lt;p style=&quot;margin-top: 0px; margin-bottom: 29px; padding: 0px; line-height: 28px; font-family: 宋体, Arial, sans-serif; font-size: 15.9996px; white-space: normal; text-indent: 2em; background-color: rgb(255, 255, 255);&quot;&gt;&lt;strong&gt;分流去向不明&lt;/strong&gt;&lt;/p&gt;&lt;p style=&quot;margin-top: 0px; margin-bottom: 29px; padding: 0px; line-height: 28px; font-family: 宋体, Arial, sans-serif; font-size: 15.9996px; white-space: normal; text-indent: 2em; background-color: rgb(255, 255, 255);&quot;&gt;“我想对调到斜沟煤矿去”,焦阳说,“在官地矿一线工的工资只有四五千块,但在那里,一线工可以挣一万多”。&lt;/p&gt;&lt;p style=&quot;margin-top: 0px; margin-bottom: 29px; padding: 0px; line-height: 28px; font-family: 宋体, Arial, sans-serif; font-size: 15.9996px; white-space: normal; text-indent: 2em; background-color: rgb(255, 255, 255);&quot;&gt;斜沟煤矿同样属于西山煤电,这座煤矿年产原煤超过两千万吨,却只有三千多工人。相比之下,年产能500万吨的官地煤矿有井下工人6000多,整个煤矿职工超过2万。&lt;/p&gt;&lt;p style=&quot;margin-top: 0px; margin-bottom: 29px; padding: 0px; line-height: 28px; font-family: 宋体, Arial, sans-serif; font-size: 15.9996px; white-space: normal; text-indent: 2em; background-color: rgb(255, 255, 255);&quot;&gt;建设年产能超千万吨的现代化矿井,是整个山西煤炭业的战略任务。“同煤集团的塔山煤矿年产2600万吨,却只有一千多工人,2015年盈利几十亿。”山西省一名煤炭从业人士说。&lt;/p&gt;&lt;p style=&quot;margin-top: 0px; margin-bottom: 29px; padding: 0px; line-height: 28px; font-family: 宋体, Arial, sans-serif; font-size: 15.9996px; white-space: normal; text-indent: 2em; background-color: rgb(255, 255, 255);&quot;&gt;形成强烈对比的是,“同属于同煤集团的另一座非现代化煤矿,10个矿井的年产能才1800多万吨,却有职工3万多人,2015年亏损40多亿。”他说。&lt;/p&gt;&lt;p style=&quot;margin-top: 0px; margin-bottom: 29px; padding: 0px; line-height: 28px; font-family: 宋体, Arial, sans-serif; font-size: 15.9996px; white-space: normal; text-indent: 2em; background-color: rgb(255, 255, 255);&quot;&gt;“人员转岗分流是煤炭企业开年的重要工作,因为山西的煤炭企业,尤其是那些老矿面临严峻的人力成本压力。”山西省国资委工作人员孟伟(化名)说。&lt;/p&gt;&lt;p style=&quot;margin-top: 0px; margin-bottom: 29px; padding: 0px; line-height: 28px; font-family: 宋体, Arial, sans-serif; font-size: 15.9996px; white-space: normal; text-indent: 2em; background-color: rgb(255, 255, 255);&quot;&gt;“这是非常时期的非常之策,可大家都是凭关系进来的,清理谁都不好办”,焦阳说,“我们领导也已经给我们念了分流安置的文件,但还没有实质进行”。&lt;/p&gt;&lt;p style=&quot;margin-top: 0px; margin-bottom: 29px; padding: 0px; line-height: 28px; font-family: 宋体, Arial, sans-serif; font-size: 15.9996px; white-space: normal; text-indent: 2em; background-color: rgb(255, 255, 255);&quot;&gt;按照规划,“每个班最少要分流两个人”,他说,目前官地煤矿每个班组的人数为12至15人。山西焦煤制定了三年转岗分流计划,并将指标细化到了二级单位,但计划目前并未向社会公开。&lt;/p&gt;&lt;p style=&quot;margin-top: 0px; margin-bottom: 29px; padding: 0px; line-height: 28px; font-family: 宋体, Arial, sans-serif; font-size: 15.9996px; white-space: normal; text-indent: 2em; background-color: rgb(255, 255, 255);&quot;&gt;与此同时,官地煤矿将在2016年实行自主经营制,“也就是斜沟煤矿早就实行的矿、队二级管理,生产队下面设班组,干多少活,支付多少钱都由队说了算”,焦阳说,“比如以前矿井下面坏了一台采机,是由矿里花钱修,以后是哪个班组在作业,就由哪个班组负责出钱修。”他说。&lt;/p&gt;&lt;p style=&quot;margin-top: 0px; margin-bottom: 29px; padding: 0px; line-height: 28px; font-family: 宋体, Arial, sans-serif; font-size: 15.9996px; white-space: normal; text-indent: 2em; background-color: rgb(255, 255, 255);&quot;&gt;“现在强调降本增效,很多东西能不修就不修了,要是在以前,有时候不管问题大小就把旧配件换了新的。”姚平说。&lt;/p&gt;&lt;p style=&quot;margin-top: 0px; margin-bottom: 29px; padding: 0px; line-height: 28px; font-family: 宋体, Arial, sans-serif; font-size: 15.9996px; white-space: normal; text-indent: 2em; background-color: rgb(255, 255, 255);&quot;&gt;转岗分流后的去处目前并不明朗。目前山西每年都有一定数量的资源整合煤矿投产,一些分流矿工2015年被安排到了新整合煤矿,还有的原单位组织了劳务输出队,到外地托管煤矿。&lt;/p&gt;&lt;p style=&quot;margin-top: 0px; margin-bottom: 29px; padding: 0px; line-height: 28px; font-family: 宋体, Arial, sans-serif; font-size: 15.9996px; white-space: normal; text-indent: 2em; background-color: rgb(255, 255, 255);&quot;&gt;“仅山西焦煤汾西公司就有6个资源整合矿井投产,有的新整合矿井由于提升了技术管理水平,井下采掘队伍是从其他矿井整建制分流安置过来的。”上述山西煤炭行业人士说。&lt;/p&gt;&lt;p style=&quot;margin-top: 0px; margin-bottom: 29px; padding: 0px; line-height: 28px; font-family: 宋体, Arial, sans-serif; font-size: 15.9996px; white-space: normal; text-indent: 2em; background-color: rgb(255, 255, 255);&quot;&gt;同时采取的人员安置办法还有停薪留职、内部退养、内部休养等办法,山西各大煤炭集团几乎都在2015年出台了相关办法。“我们只要每年交给矿上3000多块钱,就可以办理停薪留职了,这3000多块钱用于给我们缴社保。”焦阳说。&lt;/p&gt;&lt;p style=&quot;margin-top: 0px; margin-bottom: 29px; padding: 0px; line-height: 28px; font-family: 宋体, Arial, sans-serif; font-size: 15.9996px; white-space: normal; text-indent: 2em; background-color: rgb(255, 255, 255);&quot;&gt;身为一名年轻矿工,同时又是矿工子弟,焦阳不愿意被转岗分流。“矿工如果下井时间久了,长期无法和外面社会接触,也就没有其他谋生的技能了,老矿工就是这样,我觉得这是个宿命。”他说。&lt;/p&gt;&lt;p style=&quot;margin-top: 0px; margin-bottom: 29px; padding: 0px; line-height: 28px; font-family: 宋体, Arial, sans-serif; font-size: 15.9996px; white-space: normal; text-indent: 2em; background-color: rgb(255, 255, 255);&quot;&gt;他只想趁年轻多挣点钱,所以想调到效益更好的斜沟煤矿,“可是那边已经满员,所以只能找个想到官地煤矿的人对调。至于转岗分流,我个人感觉,目前的出路只能是先把人事关系收回到上级公司,找个保安之类的闲职,等到煤炭行业回暖了或公司转型了再作安排”。&lt;a href=&quot;http://www.qq.com/?pref=article&quot; target=&quot;_blank&quot; title=&quot;点击进入腾讯首页&quot; id=&quot;backqqcom&quot; style=&quot;outline: none; color: rgb(81, 112, 166); text-decoration: none; border-style: none none dotted; border-bottom-width: 1px; border-bottom-color: rgb(83, 109, 166); white-space: nowrap;&quot;&gt;&lt;img src=&quot;http://www.qq.com/favicon.ico&quot; width=&quot;16&quot; height=&quot;16&quot; style=&quot;border: none; vertical-align: text-top; max-width: 640px;&quot;/&gt;&lt;span style=&quot;padding-left: 5px; font-size: 14px;&quot;&gt;返回腾讯网首页&amp;gt;&amp;gt;&lt;/span&gt;&lt;/a&gt;&lt;/p&gt;&lt;p&gt;&lt;br/&gt;&lt;/p&gt;'),
(24, 0, '山西煤炭业困境：总理调研时工人拿到半年前工资', '水电费收到1', NULL, '&lt;p style=&quot;margin-top: 0px; margin-bottom: 29px; padding: 0px; line-height: 28px; font-family: 宋体, Arial, sans-serif; font-size: 15.9996px; white-space: normal; text-indent: 2em; background-color: rgb(255, 255, 255);&quot;&gt;杜家沟煤矿减员:干部留守,职工自谋生路&lt;/p&gt;&lt;p style=&quot;margin-top: 0px; margin-bottom: 29px; padding: 0px; line-height: 28px; font-family: 宋体, Arial, sans-serif; font-size: 15.9996px; white-space: normal; text-indent: 2em; background-color: rgb(255, 255, 255);&quot;&gt;本报记者王峰山西报道&lt;/p&gt;&lt;p style=&quot;margin-top: 0px; margin-bottom: 29px; padding: 0px; line-height: 28px; font-family: 宋体, Arial, sans-serif; font-size: 15.9996px; white-space: normal; text-indent: 2em; background-color: rgb(255, 255, 255);&quot;&gt;&lt;br/&gt;&lt;/p&gt;&lt;p style=&quot;text-align:center;margin-top: 0px; margin-bottom: 29px; padding: 0px; line-height: 28px; font-family: 宋体, Arial, sans-serif; font-size: 15.9996px; white-space: normal; background-color: rgb(255, 255, 255);&quot;&gt;&lt;br/&gt;&lt;/p&gt;&lt;p&gt;&lt;img alt=&quot;山西煤炭业困境：总理调研时工人拿到半年前工资&quot; src=&quot;/ueditor/php/upload/image/20160220/1455959578964864.jpg&quot; style=&quot;border: none; vertical-align: bottom; max-width: 640px;&quot;/&gt;&lt;/p&gt;&lt;p&gt;&lt;br/&gt;&lt;/p&gt;&lt;p style=&quot;text-align:center;margin-top: 0px; margin-bottom: 29px; padding: 0px; line-height: 28px; font-family: 宋体, Arial, sans-serif; font-size: 15.9996px; white-space: normal; background-color: rgb(255, 255, 255);&quot;&gt;西山煤电办公大楼。资料图&lt;/p&gt;&lt;p style=&quot;margin-top: 0px; margin-bottom: 29px; padding: 0px; line-height: 28px; font-family: 宋体, Arial, sans-serif; font-size: 15.9996px; white-space: normal; text-indent: 2em; background-color: rgb(255, 255, 255);&quot;&gt;“领导承诺3月前会给我们补缴一年的公积金,但现在煤炭效益太差,矿上也没钱。”山西霍州煤电杜家沟煤矿矿工姚平(化名)说。&lt;/p&gt;&lt;p style=&quot;margin-top: 0px; margin-bottom: 29px; padding: 0px; line-height: 28px; font-family: 宋体, Arial, sans-serif; font-size: 15.9996px; white-space: normal; text-indent: 2em; background-color: rgb(255, 255, 255);&quot;&gt;姚平在矿上工作了十几年,和其他约两百名杜家沟煤矿的矿工一样,从2009年开始,一直被矿上拖欠住房公积金。正是2009年,在山西省煤矿企业兼并重组背景下,杜家沟煤矿与河津市杨洼煤矿、山西河津高门沟煤业有限公司等几家企业,整合为霍州煤电集团河津杜家沟煤业有限公司,从运城市属煤矿变为省属企业。&lt;/p&gt;&lt;p style=&quot;margin-top: 0px; margin-bottom: 29px; padding: 0px; line-height: 28px; font-family: 宋体, Arial, sans-serif; font-size: 15.9996px; white-space: normal; text-indent: 2em; background-color: rgb(255, 255, 255);&quot;&gt;1月5日,国务院总理李克强到山西焦煤下属的西山煤电官地矿调研时,官地矿年轻的一线工焦阳(化名)刚刚拿到2015年9月的工资,一共4000多块。&lt;/p&gt;&lt;p style=&quot;margin-top: 0px; margin-bottom: 29px; padding: 0px; line-height: 28px; font-family: 宋体, Arial, sans-serif; font-size: 15.9996px; white-space: normal; text-indent: 2em; background-color: rgb(255, 255, 255);&quot;&gt;作为这个老牌国企的矿工子弟,焦阳在2014年到煤矿上班。“那时候煤炭效益已经不好,但还是能两个月发一次工资,还会发一点奖金,到现在只能保障工资,住房公积金、企业年金都停缴了”,焦阳说。&lt;/p&gt;&lt;p style=&quot;margin-top: 0px; margin-bottom: 29px; padding: 0px; line-height: 28px; font-family: 宋体, Arial, sans-serif; font-size: 15.9996px; white-space: normal; text-indent: 2em; background-color: rgb(255, 255, 255);&quot;&gt;“听老工人讲,煤炭景气时,一线工人光工资就六七千块,再加上返利、奖金,每个月能发上八九千块”,他说。&lt;/p&gt;&lt;p style=&quot;margin-top: 0px; margin-bottom: 29px; padding: 0px; line-height: 28px; font-family: 宋体, Arial, sans-serif; font-size: 15.9996px; white-space: normal; text-indent: 2em; background-color: rgb(255, 255, 255);&quot;&gt;只有几百名职工的杜家沟如今已经停产,而拥有两万职工的官地煤矿仍在下行的煤炭形势中等待曙光。&lt;/p&gt;&lt;p style=&quot;margin-top: 0px; margin-bottom: 29px; padding: 0px; line-height: 28px; font-family: 宋体, Arial, sans-serif; font-size: 15.9996px; white-space: normal; text-indent: 2em; background-color: rgb(255, 255, 255);&quot;&gt;山西省官方用“断崖式下跌”描述2015年的煤炭行业,“2016年的走势也不容乐观。”山西省国资委工作人员孟伟(化名)说。&lt;/p&gt;&lt;p style=&quot;margin-top: 0px; margin-bottom: 29px; padding: 0px; line-height: 28px; font-family: 宋体, Arial, sans-serif; font-size: 15.9996px; white-space: normal; text-indent: 2em; background-color: rgb(255, 255, 255);&quot;&gt;“这种形势下,人员转岗分流是煤炭企业开年的重要工作。”孟伟说。杜家沟煤矿和官地煤矿这一小一大两座煤矿,几乎有着相同的转岗分流故事,以及煤炭危机中山西矿工的坚守。&lt;/p&gt;&lt;p style=&quot;margin-top: 0px; margin-bottom: 29px; padding: 0px; line-height: 28px; font-family: 宋体, Arial, sans-serif; font-size: 15.9996px; white-space: normal; text-indent: 2em; background-color: rgb(255, 255, 255);&quot;&gt;&lt;strong&gt;多年来首次全行业亏损&lt;/strong&gt;&lt;/p&gt;&lt;p style=&quot;margin-top: 0px; margin-bottom: 29px; padding: 0px; line-height: 28px; font-family: 宋体, Arial, sans-serif; font-size: 15.9996px; white-space: normal; text-indent: 2em; background-color: rgb(255, 255, 255);&quot;&gt;山西省煤炭行业形势之严峻,更体现在官方披露的一系列数据上。山西省十二届人大五次会议公布的数据显示,山西省煤炭企业2015年累计亏损94.25亿元,同比减利增亏108.29亿元。刊登在去年12月9日的《山西日报》文章透露,到2015年9月底,全省煤炭企业欠发职工工资35亿元,欠缴社会保险109亿元。这是山西首次公布这类数字。&lt;/p&gt;&lt;p style=&quot;margin-top: 0px; margin-bottom: 29px; padding: 0px; line-height: 28px; font-family: 宋体, Arial, sans-serif; font-size: 15.9996px; white-space: normal; text-indent: 2em; background-color: rgb(255, 255, 255);&quot;&gt;山西的煤炭行业正持续下行,数据显示,动力煤、炼焦煤、喷吹煤等煤种价格每个月均以每吨10元至30元的幅度下跌。和2011年5月时的高点相比,2015年底吨煤综合售价下跌了431.8元,降幅达66%。&lt;/p&gt;&lt;p style=&quot;margin-top: 0px; margin-bottom: 29px; padding: 0px; line-height: 28px; font-family: 宋体, Arial, sans-serif; font-size: 15.9996px; white-space: normal; text-indent: 2em; background-color: rgb(255, 255, 255);&quot;&gt;21世纪经济报道记者得到的数据显示,作为山西企业百强之首,山西焦煤2015年前三季度实现营业收入1480多亿元,但利润只有2.75亿元,比均衡预算指标减少了近100%。&lt;/p&gt;&lt;p style=&quot;margin-top: 0px; margin-bottom: 29px; padding: 0px; line-height: 28px; font-family: 宋体, Arial, sans-serif; font-size: 15.9996px; white-space: normal; text-indent: 2em; background-color: rgb(255, 255, 255);&quot;&gt;煤炭企业的经营压力可想而知。据权威消息源介绍,截至2015年末,山西省内几大煤炭集团的贷款余额都超过了一千亿,资产负债率超过80%。&lt;/p&gt;&lt;p style=&quot;margin-top: 0px; margin-bottom: 29px; padding: 0px; line-height: 28px; font-family: 宋体, Arial, sans-serif; font-size: 15.9996px; white-space: normal; text-indent: 2em; background-color: rgb(255, 255, 255);&quot;&gt;2015年,山西煤炭出现多年来首次全行业亏损,且巨亏惊人。行业利润从2014年的28.7亿元骤降至﹣94.25亿元。2014年11月,就任不久的山西省委书记王儒林在首次煤炭专题调研时曾慨叹,“卖一吨煤的利润买不到一瓶饮料”。现在看来,煤炭行业仍在探寻谷底。&lt;/p&gt;&lt;p style=&quot;margin-top: 0px; margin-bottom: 29px; padding: 0px; line-height: 28px; font-family: 宋体, Arial, sans-serif; font-size: 15.9996px; white-space: normal; text-indent: 2em; background-color: rgb(255, 255, 255);&quot;&gt;努力卖煤成为煤炭企业的要务,2015年末,各大煤炭集团纷纷举行重点客户座谈会。“以前只需要重点骨干客户就能支撑我们的销售任务了,但如今效益下行,西瓜要抱,芝麻也捡,现在是集团公司领导亲自带队到一线销售。”同煤集团运销公司一名销售人员说。&lt;/p&gt;&lt;p style=&quot;margin-top: 0px; margin-bottom: 29px; padding: 0px; line-height: 28px; font-family: 宋体, Arial, sans-serif; font-size: 15.9996px; white-space: normal; text-indent: 2em; background-color: rgb(255, 255, 255);&quot;&gt;“大型钢铁企业往往定期对采购的原材料价格进行对标,山西的大煤炭企业也应该‘抱团’,定期对同煤种价格对标,共同制订、遵守统一的营销策略。”他说。&lt;/p&gt;&lt;p style=&quot;margin-top: 0px; margin-bottom: 29px; padding: 0px; line-height: 28px; font-family: 宋体, Arial, sans-serif; font-size: 15.9996px; white-space: normal; text-indent: 2em; background-color: rgb(255, 255, 255);&quot;&gt;但即使卖出了煤,煤炭企业仍面临尴尬。山西省金融办一名工作人员告诉记者,2014年时,山西省金融办曾受省委领导指示,专题调研了煤炭企业回款难问题。“发现当时七大煤炭集团的应收账款超过800亿,仅山西焦煤的回收货款中,就有70%是承兑汇票,难以变现。”&lt;/p&gt;&lt;p style=&quot;margin-top: 0px; margin-bottom: 29px; padding: 0px; line-height: 28px; font-family: 宋体, Arial, sans-serif; font-size: 15.9996px; white-space: normal; text-indent: 2em; background-color: rgb(255, 255, 255);&quot;&gt;中国煤炭经济研究院课题组的调研则显示,2015年前10个月,同煤集团的总回款中,也有近一半是承兑汇票。&lt;/p&gt;&lt;p style=&quot;margin-top: 0px; margin-bottom: 29px; padding: 0px; line-height: 28px; font-family: 宋体, Arial, sans-serif; font-size: 15.9996px; white-space: normal; text-indent: 2em; background-color: rgb(255, 255, 255);&quot;&gt;&lt;strong&gt;“寒冬”里减员增效&lt;/strong&gt;&lt;/p&gt;&lt;p style=&quot;margin-top: 0px; margin-bottom: 29px; padding: 0px; line-height: 28px; font-family: 宋体, Arial, sans-serif; font-size: 15.9996px; white-space: normal; text-indent: 2em; background-color: rgb(255, 255, 255);&quot;&gt;被拖欠的不只是公积金。2月19日,姚平告诉记者,他2015年的工资只发到了2015年9月,“剩下3个月的工资等以后补发”。春节后,执行整个霍州煤电统一的工资标准,作为一线工人拿到手也只有4000块左右,比煤价最高时减少了近三分之一,“二线工人降得更多,每个月工资还不到2000块”。&lt;/p&gt;&lt;p style=&quot;margin-top: 0px; margin-bottom: 29px; padding: 0px; line-height: 28px; font-family: 宋体, Arial, sans-serif; font-size: 15.9996px; white-space: normal; text-indent: 2em; background-color: rgb(255, 255, 255);&quot;&gt;霍州煤电是山西省属重点煤企山西焦煤集团的控股子公司。21世纪经济报道获悉,职工总数5.49万的霍州煤电2015年减员4300多人。山西焦煤的分流量也很大,记者获悉,仅2015年上半年,山西焦煤就转岗分流和清退非在册人员过万人。&lt;/p&gt;&lt;p style=&quot;margin-top: 0px; margin-bottom: 29px; padding: 0px; line-height: 28px; font-family: 宋体, Arial, sans-serif; font-size: 15.9996px; white-space: normal; text-indent: 2em; background-color: rgb(255, 255, 255);&quot;&gt;霍州煤电在2009年整合了运城市4座煤矿,直到2015年9月,其中的薛虎沟煤矿才通过了竣工验收,成为第一个获批准产的整合煤矿。姚平现在就在薛虎沟煤矿上班,杜家沟煤矿至今没有完整的生产许可,“前几年也在生产,但现在煤炭效益不好,再加上查得紧,所以2015年春节后就关闭了”,他说。&lt;/p&gt;&lt;p style=&quot;margin-top: 0px; margin-bottom: 29px; padding: 0px; line-height: 28px; font-family: 宋体, Arial, sans-serif; font-size: 15.9996px; white-space: normal; text-indent: 2em; background-color: rgb(255, 255, 255);&quot;&gt;在2015年7月的一场煤炭行业内部研讨会上,山西省煤炭工业厅副厅长牛建明介绍,上世纪90年代后期,山西一批资源枯竭、扭亏无望的老国有煤矿,完成了政策性破产,但部分办社会职能并未移交地方。随着时间推移,一部分煤矿资源枯竭,亏损严重,靠煤矿自身很难解决职工安置等问题。&lt;/p&gt;&lt;p style=&quot;margin-top: 0px; margin-bottom: 29px; padding: 0px; line-height: 28px; font-family: 宋体, Arial, sans-serif; font-size: 15.9996px; white-space: normal; text-indent: 2em; background-color: rgb(255, 255, 255);&quot;&gt;姚平就属于这支队伍。2009年,他所在的运城市杜家沟煤矿被霍州煤电接管,姚平成为新煤矿的员工。但新煤矿却并未给姚平这些遗留职工继续缴纳住房公积金,“当时的说法是,接管手续没理顺不能缴公积金,以后煤炭价格不行了,矿上也就没钱再缴”,姚平说。&lt;/p&gt;&lt;p style=&quot;margin-top: 0px; margin-bottom: 29px; padding: 0px; line-height: 28px; font-family: 宋体, Arial, sans-serif; font-size: 15.9996px; white-space: normal; text-indent: 2em; background-color: rgb(255, 255, 255);&quot;&gt;可姚平已感到庆幸,“听说有的资源整合煤矿里,整合前遗留的人员,在这次人员转岗分流中被清理了”。他所在的霍州煤电2015年减员超过四千人,官方数据称节约人工成本7090.4万元。&lt;/p&gt;&lt;p style=&quot;margin-top: 0px; margin-bottom: 29px; padding: 0px; line-height: 28px; font-family: 宋体, Arial, sans-serif; font-size: 15.9996px; white-space: normal; text-indent: 2em; background-color: rgb(255, 255, 255);&quot;&gt;杜家沟煤矿生产高峰时曾有约600名职工,如今停产,“科长以上干部和一些技术人员在矿上留守,其余职工大部分放假自谋生路”,姚平说。&lt;/p&gt;&lt;p style=&quot;margin-top: 0px; margin-bottom: 29px; padding: 0px; line-height: 28px; font-family: 宋体, Arial, sans-serif; font-size: 15.9996px; white-space: normal; text-indent: 2em; background-color: rgb(255, 255, 255);&quot;&gt;姚平和其他20几名矿工被分流到了薛虎沟煤矿,还有一支20多人的矿工被分流到了同属霍州煤电的腾晖煤矿。&lt;/p&gt;&lt;p style=&quot;margin-top: 0px; margin-bottom: 29px; padding: 0px; line-height: 28px; font-family: 宋体, Arial, sans-serif; font-size: 15.9996px; white-space: normal; text-indent: 2em; background-color: rgb(255, 255, 255);&quot;&gt;剩下的职工除了在杜家沟矿留守,现在都已放假自谋生路。“杜家沟煤矿原来职工中男女比例大约对半,但停产后女职工几乎没有获得分流”,他介绍,“放假的职工名义上每人每月有1000元的生活费,但扣除社保后只剩500多元,听说这500多元现在也没有及时发放”。&lt;/p&gt;&lt;p style=&quot;margin-top: 0px; margin-bottom: 29px; padding: 0px; line-height: 28px; font-family: 宋体, Arial, sans-serif; font-size: 15.9996px; white-space: normal; text-indent: 2em; background-color: rgb(255, 255, 255);&quot;&gt;煤矿用工其实比较松散,姚平现在所在的薛虎沟煤矿,在册职工约600人,“也有一两百人并不常来上班,他们门路多,自己谋生去了”,姚平说,“让他们回煤矿都不会回来”。&lt;/p&gt;&lt;p style=&quot;margin-top: 0px; margin-bottom: 29px; padding: 0px; line-height: 28px; font-family: 宋体, Arial, sans-serif; font-size: 15.9996px; white-space: normal; text-indent: 2em; background-color: rgb(255, 255, 255);&quot;&gt;&lt;strong&gt;分流去向不明&lt;/strong&gt;&lt;/p&gt;&lt;p style=&quot;margin-top: 0px; margin-bottom: 29px; padding: 0px; line-height: 28px; font-family: 宋体, Arial, sans-serif; font-size: 15.9996px; white-space: normal; text-indent: 2em; background-color: rgb(255, 255, 255);&quot;&gt;“我想对调到斜沟煤矿去”,焦阳说,“在官地矿一线工的工资只有四五千块,但在那里,一线工可以挣一万多”。&lt;/p&gt;&lt;p style=&quot;margin-top: 0px; margin-bottom: 29px; padding: 0px; line-height: 28px; font-family: 宋体, Arial, sans-serif; font-size: 15.9996px; white-space: normal; text-indent: 2em; background-color: rgb(255, 255, 255);&quot;&gt;斜沟煤矿同样属于西山煤电,这座煤矿年产原煤超过两千万吨,却只有三千多工人。相比之下,年产能500万吨的官地煤矿有井下工人6000多,整个煤矿职工超过2万。&lt;/p&gt;&lt;p style=&quot;margin-top: 0px; margin-bottom: 29px; padding: 0px; line-height: 28px; font-family: 宋体, Arial, sans-serif; font-size: 15.9996px; white-space: normal; text-indent: 2em; background-color: rgb(255, 255, 255);&quot;&gt;建设年产能超千万吨的现代化矿井,是整个山西煤炭业的战略任务。“同煤集团的塔山煤矿年产2600万吨,却只有一千多工人,2015年盈利几十亿。”山西省一名煤炭从业人士说。&lt;/p&gt;&lt;p style=&quot;margin-top: 0px; margin-bottom: 29px; padding: 0px; line-height: 28px; font-family: 宋体, Arial, sans-serif; font-size: 15.9996px; white-space: normal; text-indent: 2em; background-color: rgb(255, 255, 255);&quot;&gt;形成强烈对比的是,“同属于同煤集团的另一座非现代化煤矿,10个矿井的年产能才1800多万吨,却有职工3万多人,2015年亏损40多亿。”他说。&lt;/p&gt;&lt;p style=&quot;margin-top: 0px; margin-bottom: 29px; padding: 0px; line-height: 28px; font-family: 宋体, Arial, sans-serif; font-size: 15.9996px; white-space: normal; text-indent: 2em; background-color: rgb(255, 255, 255);&quot;&gt;“人员转岗分流是煤炭企业开年的重要工作,因为山西的煤炭企业,尤其是那些老矿面临严峻的人力成本压力。”山西省国资委工作人员孟伟(化名)说。&lt;/p&gt;&lt;p style=&quot;margin-top: 0px; margin-bottom: 29px; padding: 0px; line-height: 28px; font-family: 宋体, Arial, sans-serif; font-size: 15.9996px; white-space: normal; text-indent: 2em; background-color: rgb(255, 255, 255);&quot;&gt;“这是非常时期的非常之策,可大家都是凭关系进来的,清理谁都不好办”,焦阳说,“我们领导也已经给我们念了分流安置的文件,但还没有实质进行”。&lt;/p&gt;&lt;p style=&quot;margin-top: 0px; margin-bottom: 29px; padding: 0px; line-height: 28px; font-family: 宋体, Arial, sans-serif; font-size: 15.9996px; white-space: normal; text-indent: 2em; background-color: rgb(255, 255, 255);&quot;&gt;按照规划,“每个班最少要分流两个人”,他说,目前官地煤矿每个班组的人数为12至15人。山西焦煤制定了三年转岗分流计划,并将指标细化到了二级单位,但计划目前并未向社会公开。&lt;/p&gt;&lt;p style=&quot;margin-top: 0px; margin-bottom: 29px; padding: 0px; line-height: 28px; font-family: 宋体, Arial, sans-serif; font-size: 15.9996px; white-space: normal; text-indent: 2em; background-color: rgb(255, 255, 255);&quot;&gt;与此同时,官地煤矿将在2016年实行自主经营制,“也就是斜沟煤矿早就实行的矿、队二级管理,生产队下面设班组,干多少活,支付多少钱都由队说了算”,焦阳说,“比如以前矿井下面坏了一台采机,是由矿里花钱修,以后是哪个班组在作业,就由哪个班组负责出钱修。”他说。&lt;/p&gt;&lt;p style=&quot;margin-top: 0px; margin-bottom: 29px; padding: 0px; line-height: 28px; font-family: 宋体, Arial, sans-serif; font-size: 15.9996px; white-space: normal; text-indent: 2em; background-color: rgb(255, 255, 255);&quot;&gt;“现在强调降本增效,很多东西能不修就不修了,要是在以前,有时候不管问题大小就把旧配件换了新的。”姚平说。&lt;/p&gt;&lt;p style=&quot;margin-top: 0px; margin-bottom: 29px; padding: 0px; line-height: 28px; font-family: 宋体, Arial, sans-serif; font-size: 15.9996px; white-space: normal; text-indent: 2em; background-color: rgb(255, 255, 255);&quot;&gt;转岗分流后的去处目前并不明朗。目前山西每年都有一定数量的资源整合煤矿投产,一些分流矿工2015年被安排到了新整合煤矿,还有的原单位组织了劳务输出队,到外地托管煤矿。&lt;/p&gt;&lt;p style=&quot;margin-top: 0px; margin-bottom: 29px; padding: 0px; line-height: 28px; font-family: 宋体, Arial, sans-serif; font-size: 15.9996px; white-space: normal; text-indent: 2em; background-color: rgb(255, 255, 255);&quot;&gt;“仅山西焦煤汾西公司就有6个资源整合矿井投产,有的新整合矿井由于提升了技术管理水平,井下采掘队伍是从其他矿井整建制分流安置过来的。”上述山西煤炭行业人士说。&lt;/p&gt;&lt;p style=&quot;margin-top: 0px; margin-bottom: 29px; padding: 0px; line-height: 28px; font-family: 宋体, Arial, sans-serif; font-size: 15.9996px; white-space: normal; text-indent: 2em; background-color: rgb(255, 255, 255);&quot;&gt;同时采取的人员安置办法还有停薪留职、内部退养、内部休养等办法,山西各大煤炭集团几乎都在2015年出台了相关办法。“我们只要每年交给矿上3000多块钱,就可以办理停薪留职了,这3000多块钱用于给我们缴社保。”焦阳说。&lt;/p&gt;&lt;p style=&quot;margin-top: 0px; margin-bottom: 29px; padding: 0px; line-height: 28px; font-family: 宋体, Arial, sans-serif; font-size: 15.9996px; white-space: normal; text-indent: 2em; background-color: rgb(255, 255, 255);&quot;&gt;身为一名年轻矿工,同时又是矿工子弟,焦阳不愿意被转岗分流。“矿工如果下井时间久了,长期无法和外面社会接触,也就没有其他谋生的技能了,老矿工就是这样,我觉得这是个宿命。”他说。&lt;/p&gt;&lt;p style=&quot;margin-top: 0px; margin-bottom: 29px; padding: 0px; line-height: 28px; font-family: 宋体, Arial, sans-serif; font-size: 15.9996px; white-space: normal; text-indent: 2em; background-color: rgb(255, 255, 255);&quot;&gt;他只想趁年轻多挣点钱,所以想调到效益更好的斜沟煤矿,“可是那边已经满员,所以只能找个想到官地煤矿的人对调。至于转岗分流,我个人感觉,目前的出路只能是先把人事关系收回到上级公司,找个保安之类的闲职,等到煤炭行业回暖了或公司转型了再作安排”。&lt;a href=&quot;http://www.qq.com/?pref=article&quot; target=&quot;_blank&quot; title=&quot;点击进入腾讯首页&quot; id=&quot;backqqcom&quot; style=&quot;outline: none; color: rgb(81, 112, 166); text-decoration: none; border-style: none none dotted; border-bottom-width: 1px; border-bottom-color: rgb(83, 109, 166); white-space: nowrap;&quot;&gt;&lt;img src=&quot;http://www.qq.com/favicon.ico&quot; width=&quot;16&quot; height=&quot;16&quot; style=&quot;border: none; vertical-align: text-top; max-width: 640px;&quot;/&gt;&lt;span style=&quot;padding-left: 5px; font-size: 14px;&quot;&gt;返回腾讯网首页&amp;gt;&amp;gt;&lt;/span&gt;&lt;/a&gt;&lt;/p&gt;&lt;p&gt;&lt;br/&gt;&lt;/p&gt;');
INSERT INTO `document` (`id`, `index_id`, `title`, `author`, `editor`, `content`) VALUES
(25, 0, '山西煤炭业困境：总理调研时工人拿到半年前工资', '水电费收到', NULL, '&lt;p style=&quot;margin-top: 0px; margin-bottom: 29px; padding: 0px; line-height: 28px; font-family: 宋体, Arial, sans-serif; font-size: 15.9996px; white-space: normal; text-indent: 2em; background-color: rgb(255, 255, 255);&quot;&gt;杜家沟煤矿减员:干部留守,职工自谋生路&lt;/p&gt;&lt;p style=&quot;margin-top: 0px; margin-bottom: 29px; padding: 0px; line-height: 28px; font-family: 宋体, Arial, sans-serif; font-size: 15.9996px; white-space: normal; text-indent: 2em; background-color: rgb(255, 255, 255);&quot;&gt;本报记者王峰山西报道&lt;/p&gt;&lt;p style=&quot;margin-top: 0px; margin-bottom: 29px; padding: 0px; line-height: 28px; font-family: 宋体, Arial, sans-serif; font-size: 15.9996px; white-space: normal; text-indent: 2em; background-color: rgb(255, 255, 255);&quot;&gt;&lt;br/&gt;&lt;/p&gt;&lt;p style=&quot;text-align:center;margin-top: 0px; margin-bottom: 29px; padding: 0px; line-height: 28px; font-family: 宋体, Arial, sans-serif; font-size: 15.9996px; white-space: normal; background-color: rgb(255, 255, 255);&quot;&gt;&lt;br/&gt;&lt;/p&gt;&lt;p&gt;&lt;img alt=&quot;山西煤炭业困境：总理调研时工人拿到半年前工资&quot; src=&quot;/ueditor/php/upload/image/20160220/1455959578964864.jpg&quot; style=&quot;border: none; vertical-align: bottom; max-width: 640px;&quot;/&gt;&lt;/p&gt;&lt;p&gt;&lt;br/&gt;&lt;/p&gt;&lt;p style=&quot;text-align:center;margin-top: 0px; margin-bottom: 29px; padding: 0px; line-height: 28px; font-family: 宋体, Arial, sans-serif; font-size: 15.9996px; white-space: normal; background-color: rgb(255, 255, 255);&quot;&gt;西山煤电办公大楼。资料图&lt;/p&gt;&lt;p style=&quot;margin-top: 0px; margin-bottom: 29px; padding: 0px; line-height: 28px; font-family: 宋体, Arial, sans-serif; font-size: 15.9996px; white-space: normal; text-indent: 2em; background-color: rgb(255, 255, 255);&quot;&gt;“领导承诺3月前会给我们补缴一年的公积金,但现在煤炭效益太差,矿上也没钱。”山西霍州煤电杜家沟煤矿矿工姚平(化名)说。&lt;/p&gt;&lt;p style=&quot;margin-top: 0px; margin-bottom: 29px; padding: 0px; line-height: 28px; font-family: 宋体, Arial, sans-serif; font-size: 15.9996px; white-space: normal; text-indent: 2em; background-color: rgb(255, 255, 255);&quot;&gt;姚平在矿上工作了十几年,和其他约两百名杜家沟煤矿的矿工一样,从2009年开始,一直被矿上拖欠住房公积金。正是2009年,在山西省煤矿企业兼并重组背景下,杜家沟煤矿与河津市杨洼煤矿、山西河津高门沟煤业有限公司等几家企业,整合为霍州煤电集团河津杜家沟煤业有限公司,从运城市属煤矿变为省属企业。&lt;/p&gt;&lt;p style=&quot;margin-top: 0px; margin-bottom: 29px; padding: 0px; line-height: 28px; font-family: 宋体, Arial, sans-serif; font-size: 15.9996px; white-space: normal; text-indent: 2em; background-color: rgb(255, 255, 255);&quot;&gt;1月5日,国务院总理李克强到山西焦煤下属的西山煤电官地矿调研时,官地矿年轻的一线工焦阳(化名)刚刚拿到2015年9月的工资,一共4000多块。&lt;/p&gt;&lt;p style=&quot;margin-top: 0px; margin-bottom: 29px; padding: 0px; line-height: 28px; font-family: 宋体, Arial, sans-serif; font-size: 15.9996px; white-space: normal; text-indent: 2em; background-color: rgb(255, 255, 255);&quot;&gt;作为这个老牌国企的矿工子弟,焦阳在2014年到煤矿上班。“那时候煤炭效益已经不好,但还是能两个月发一次工资,还会发一点奖金,到现在只能保障工资,住房公积金、企业年金都停缴了”,焦阳说。&lt;/p&gt;&lt;p style=&quot;margin-top: 0px; margin-bottom: 29px; padding: 0px; line-height: 28px; font-family: 宋体, Arial, sans-serif; font-size: 15.9996px; white-space: normal; text-indent: 2em; background-color: rgb(255, 255, 255);&quot;&gt;“听老工人讲,煤炭景气时,一线工人光工资就六七千块,再加上返利、奖金,每个月能发上八九千块”,他说。&lt;/p&gt;&lt;p style=&quot;margin-top: 0px; margin-bottom: 29px; padding: 0px; line-height: 28px; font-family: 宋体, Arial, sans-serif; font-size: 15.9996px; white-space: normal; text-indent: 2em; background-color: rgb(255, 255, 255);&quot;&gt;只有几百名职工的杜家沟如今已经停产,而拥有两万职工的官地煤矿仍在下行的煤炭形势中等待曙光。&lt;/p&gt;&lt;p style=&quot;margin-top: 0px; margin-bottom: 29px; padding: 0px; line-height: 28px; font-family: 宋体, Arial, sans-serif; font-size: 15.9996px; white-space: normal; text-indent: 2em; background-color: rgb(255, 255, 255);&quot;&gt;山西省官方用“断崖式下跌”描述2015年的煤炭行业,“2016年的走势也不容乐观。”山西省国资委工作人员孟伟(化名)说。&lt;/p&gt;&lt;p style=&quot;margin-top: 0px; margin-bottom: 29px; padding: 0px; line-height: 28px; font-family: 宋体, Arial, sans-serif; font-size: 15.9996px; white-space: normal; text-indent: 2em; background-color: rgb(255, 255, 255);&quot;&gt;“这种形势下,人员转岗分流是煤炭企业开年的重要工作。”孟伟说。杜家沟煤矿和官地煤矿这一小一大两座煤矿,几乎有着相同的转岗分流故事,以及煤炭危机中山西矿工的坚守。&lt;/p&gt;&lt;p style=&quot;margin-top: 0px; margin-bottom: 29px; padding: 0px; line-height: 28px; font-family: 宋体, Arial, sans-serif; font-size: 15.9996px; white-space: normal; text-indent: 2em; background-color: rgb(255, 255, 255);&quot;&gt;&lt;strong&gt;多年来首次全行业亏损&lt;/strong&gt;&lt;/p&gt;&lt;p style=&quot;margin-top: 0px; margin-bottom: 29px; padding: 0px; line-height: 28px; font-family: 宋体, Arial, sans-serif; font-size: 15.9996px; white-space: normal; text-indent: 2em; background-color: rgb(255, 255, 255);&quot;&gt;山西省煤炭行业形势之严峻,更体现在官方披露的一系列数据上。山西省十二届人大五次会议公布的数据显示,山西省煤炭企业2015年累计亏损94.25亿元,同比减利增亏108.29亿元。刊登在去年12月9日的《山西日报》文章透露,到2015年9月底,全省煤炭企业欠发职工工资35亿元,欠缴社会保险109亿元。这是山西首次公布这类数字。&lt;/p&gt;&lt;p style=&quot;margin-top: 0px; margin-bottom: 29px; padding: 0px; line-height: 28px; font-family: 宋体, Arial, sans-serif; font-size: 15.9996px; white-space: normal; text-indent: 2em; background-color: rgb(255, 255, 255);&quot;&gt;山西的煤炭行业正持续下行,数据显示,动力煤、炼焦煤、喷吹煤等煤种价格每个月均以每吨10元至30元的幅度下跌。和2011年5月时的高点相比,2015年底吨煤综合售价下跌了431.8元,降幅达66%。&lt;/p&gt;&lt;p style=&quot;margin-top: 0px; margin-bottom: 29px; padding: 0px; line-height: 28px; font-family: 宋体, Arial, sans-serif; font-size: 15.9996px; white-space: normal; text-indent: 2em; background-color: rgb(255, 255, 255);&quot;&gt;21世纪经济报道记者得到的数据显示,作为山西企业百强之首,山西焦煤2015年前三季度实现营业收入1480多亿元,但利润只有2.75亿元,比均衡预算指标减少了近100%。&lt;/p&gt;&lt;p style=&quot;margin-top: 0px; margin-bottom: 29px; padding: 0px; line-height: 28px; font-family: 宋体, Arial, sans-serif; font-size: 15.9996px; white-space: normal; text-indent: 2em; background-color: rgb(255, 255, 255);&quot;&gt;煤炭企业的经营压力可想而知。据权威消息源介绍,截至2015年末,山西省内几大煤炭集团的贷款余额都超过了一千亿,资产负债率超过80%。&lt;/p&gt;&lt;p style=&quot;margin-top: 0px; margin-bottom: 29px; padding: 0px; line-height: 28px; font-family: 宋体, Arial, sans-serif; font-size: 15.9996px; white-space: normal; text-indent: 2em; background-color: rgb(255, 255, 255);&quot;&gt;2015年,山西煤炭出现多年来首次全行业亏损,且巨亏惊人。行业利润从2014年的28.7亿元骤降至﹣94.25亿元。2014年11月,就任不久的山西省委书记王儒林在首次煤炭专题调研时曾慨叹,“卖一吨煤的利润买不到一瓶饮料”。现在看来,煤炭行业仍在探寻谷底。&lt;/p&gt;&lt;p style=&quot;margin-top: 0px; margin-bottom: 29px; padding: 0px; line-height: 28px; font-family: 宋体, Arial, sans-serif; font-size: 15.9996px; white-space: normal; text-indent: 2em; background-color: rgb(255, 255, 255);&quot;&gt;努力卖煤成为煤炭企业的要务,2015年末,各大煤炭集团纷纷举行重点客户座谈会。“以前只需要重点骨干客户就能支撑我们的销售任务了,但如今效益下行,西瓜要抱,芝麻也捡,现在是集团公司领导亲自带队到一线销售。”同煤集团运销公司一名销售人员说。&lt;/p&gt;&lt;p style=&quot;margin-top: 0px; margin-bottom: 29px; padding: 0px; line-height: 28px; font-family: 宋体, Arial, sans-serif; font-size: 15.9996px; white-space: normal; text-indent: 2em; background-color: rgb(255, 255, 255);&quot;&gt;“大型钢铁企业往往定期对采购的原材料价格进行对标,山西的大煤炭企业也应该‘抱团’,定期对同煤种价格对标,共同制订、遵守统一的营销策略。”他说。&lt;/p&gt;&lt;p style=&quot;margin-top: 0px; margin-bottom: 29px; padding: 0px; line-height: 28px; font-family: 宋体, Arial, sans-serif; font-size: 15.9996px; white-space: normal; text-indent: 2em; background-color: rgb(255, 255, 255);&quot;&gt;但即使卖出了煤,煤炭企业仍面临尴尬。山西省金融办一名工作人员告诉记者,2014年时,山西省金融办曾受省委领导指示,专题调研了煤炭企业回款难问题。“发现当时七大煤炭集团的应收账款超过800亿,仅山西焦煤的回收货款中,就有70%是承兑汇票,难以变现。”&lt;/p&gt;&lt;p style=&quot;margin-top: 0px; margin-bottom: 29px; padding: 0px; line-height: 28px; font-family: 宋体, Arial, sans-serif; font-size: 15.9996px; white-space: normal; text-indent: 2em; background-color: rgb(255, 255, 255);&quot;&gt;中国煤炭经济研究院课题组的调研则显示,2015年前10个月,同煤集团的总回款中,也有近一半是承兑汇票。&lt;/p&gt;&lt;p style=&quot;margin-top: 0px; margin-bottom: 29px; padding: 0px; line-height: 28px; font-family: 宋体, Arial, sans-serif; font-size: 15.9996px; white-space: normal; text-indent: 2em; background-color: rgb(255, 255, 255);&quot;&gt;&lt;strong&gt;“寒冬”里减员增效&lt;/strong&gt;&lt;/p&gt;&lt;p style=&quot;margin-top: 0px; margin-bottom: 29px; padding: 0px; line-height: 28px; font-family: 宋体, Arial, sans-serif; font-size: 15.9996px; white-space: normal; text-indent: 2em; background-color: rgb(255, 255, 255);&quot;&gt;被拖欠的不只是公积金。2月19日,姚平告诉记者,他2015年的工资只发到了2015年9月,“剩下3个月的工资等以后补发”。春节后,执行整个霍州煤电统一的工资标准,作为一线工人拿到手也只有4000块左右,比煤价最高时减少了近三分之一,“二线工人降得更多,每个月工资还不到2000块”。&lt;/p&gt;&lt;p style=&quot;margin-top: 0px; margin-bottom: 29px; padding: 0px; line-height: 28px; font-family: 宋体, Arial, sans-serif; font-size: 15.9996px; white-space: normal; text-indent: 2em; background-color: rgb(255, 255, 255);&quot;&gt;霍州煤电是山西省属重点煤企山西焦煤集团的控股子公司。21世纪经济报道获悉,职工总数5.49万的霍州煤电2015年减员4300多人。山西焦煤的分流量也很大,记者获悉,仅2015年上半年,山西焦煤就转岗分流和清退非在册人员过万人。&lt;/p&gt;&lt;p style=&quot;margin-top: 0px; margin-bottom: 29px; padding: 0px; line-height: 28px; font-family: 宋体, Arial, sans-serif; font-size: 15.9996px; white-space: normal; text-indent: 2em; background-color: rgb(255, 255, 255);&quot;&gt;霍州煤电在2009年整合了运城市4座煤矿,直到2015年9月,其中的薛虎沟煤矿才通过了竣工验收,成为第一个获批准产的整合煤矿。姚平现在就在薛虎沟煤矿上班,杜家沟煤矿至今没有完整的生产许可,“前几年也在生产,但现在煤炭效益不好,再加上查得紧,所以2015年春节后就关闭了”,他说。&lt;/p&gt;&lt;p style=&quot;margin-top: 0px; margin-bottom: 29px; padding: 0px; line-height: 28px; font-family: 宋体, Arial, sans-serif; font-size: 15.9996px; white-space: normal; text-indent: 2em; background-color: rgb(255, 255, 255);&quot;&gt;在2015年7月的一场煤炭行业内部研讨会上,山西省煤炭工业厅副厅长牛建明介绍,上世纪90年代后期,山西一批资源枯竭、扭亏无望的老国有煤矿,完成了政策性破产,但部分办社会职能并未移交地方。随着时间推移,一部分煤矿资源枯竭,亏损严重,靠煤矿自身很难解决职工安置等问题。&lt;/p&gt;&lt;p style=&quot;margin-top: 0px; margin-bottom: 29px; padding: 0px; line-height: 28px; font-family: 宋体, Arial, sans-serif; font-size: 15.9996px; white-space: normal; text-indent: 2em; background-color: rgb(255, 255, 255);&quot;&gt;姚平就属于这支队伍。2009年,他所在的运城市杜家沟煤矿被霍州煤电接管,姚平成为新煤矿的员工。但新煤矿却并未给姚平这些遗留职工继续缴纳住房公积金,“当时的说法是,接管手续没理顺不能缴公积金,以后煤炭价格不行了,矿上也就没钱再缴”,姚平说。&lt;/p&gt;&lt;p style=&quot;margin-top: 0px; margin-bottom: 29px; padding: 0px; line-height: 28px; font-family: 宋体, Arial, sans-serif; font-size: 15.9996px; white-space: normal; text-indent: 2em; background-color: rgb(255, 255, 255);&quot;&gt;可姚平已感到庆幸,“听说有的资源整合煤矿里,整合前遗留的人员,在这次人员转岗分流中被清理了”。他所在的霍州煤电2015年减员超过四千人,官方数据称节约人工成本7090.4万元。&lt;/p&gt;&lt;p style=&quot;margin-top: 0px; margin-bottom: 29px; padding: 0px; line-height: 28px; font-family: 宋体, Arial, sans-serif; font-size: 15.9996px; white-space: normal; text-indent: 2em; background-color: rgb(255, 255, 255);&quot;&gt;杜家沟煤矿生产高峰时曾有约600名职工,如今停产,“科长以上干部和一些技术人员在矿上留守,其余职工大部分放假自谋生路”,姚平说。&lt;/p&gt;&lt;p style=&quot;margin-top: 0px; margin-bottom: 29px; padding: 0px; line-height: 28px; font-family: 宋体, Arial, sans-serif; font-size: 15.9996px; white-space: normal; text-indent: 2em; background-color: rgb(255, 255, 255);&quot;&gt;姚平和其他20几名矿工被分流到了薛虎沟煤矿,还有一支20多人的矿工被分流到了同属霍州煤电的腾晖煤矿。&lt;/p&gt;&lt;p style=&quot;margin-top: 0px; margin-bottom: 29px; padding: 0px; line-height: 28px; font-family: 宋体, Arial, sans-serif; font-size: 15.9996px; white-space: normal; text-indent: 2em; background-color: rgb(255, 255, 255);&quot;&gt;剩下的职工除了在杜家沟矿留守,现在都已放假自谋生路。“杜家沟煤矿原来职工中男女比例大约对半,但停产后女职工几乎没有获得分流”,他介绍,“放假的职工名义上每人每月有1000元的生活费,但扣除社保后只剩500多元,听说这500多元现在也没有及时发放”。&lt;/p&gt;&lt;p style=&quot;margin-top: 0px; margin-bottom: 29px; padding: 0px; line-height: 28px; font-family: 宋体, Arial, sans-serif; font-size: 15.9996px; white-space: normal; text-indent: 2em; background-color: rgb(255, 255, 255);&quot;&gt;煤矿用工其实比较松散,姚平现在所在的薛虎沟煤矿,在册职工约600人,“也有一两百人并不常来上班,他们门路多,自己谋生去了”,姚平说,“让他们回煤矿都不会回来”。&lt;/p&gt;&lt;p style=&quot;margin-top: 0px; margin-bottom: 29px; padding: 0px; line-height: 28px; font-family: 宋体, Arial, sans-serif; font-size: 15.9996px; white-space: normal; text-indent: 2em; background-color: rgb(255, 255, 255);&quot;&gt;&lt;strong&gt;分流去向不明&lt;/strong&gt;&lt;/p&gt;&lt;p style=&quot;margin-top: 0px; margin-bottom: 29px; padding: 0px; line-height: 28px; font-family: 宋体, Arial, sans-serif; font-size: 15.9996px; white-space: normal; text-indent: 2em; background-color: rgb(255, 255, 255);&quot;&gt;“我想对调到斜沟煤矿去”,焦阳说,“在官地矿一线工的工资只有四五千块,但在那里,一线工可以挣一万多”。&lt;/p&gt;&lt;p style=&quot;margin-top: 0px; margin-bottom: 29px; padding: 0px; line-height: 28px; font-family: 宋体, Arial, sans-serif; font-size: 15.9996px; white-space: normal; text-indent: 2em; background-color: rgb(255, 255, 255);&quot;&gt;斜沟煤矿同样属于西山煤电,这座煤矿年产原煤超过两千万吨,却只有三千多工人。相比之下,年产能500万吨的官地煤矿有井下工人6000多,整个煤矿职工超过2万。&lt;/p&gt;&lt;p style=&quot;margin-top: 0px; margin-bottom: 29px; padding: 0px; line-height: 28px; font-family: 宋体, Arial, sans-serif; font-size: 15.9996px; white-space: normal; text-indent: 2em; background-color: rgb(255, 255, 255);&quot;&gt;建设年产能超千万吨的现代化矿井,是整个山西煤炭业的战略任务。“同煤集团的塔山煤矿年产2600万吨,却只有一千多工人,2015年盈利几十亿。”山西省一名煤炭从业人士说。&lt;/p&gt;&lt;p style=&quot;margin-top: 0px; margin-bottom: 29px; padding: 0px; line-height: 28px; font-family: 宋体, Arial, sans-serif; font-size: 15.9996px; white-space: normal; text-indent: 2em; background-color: rgb(255, 255, 255);&quot;&gt;形成强烈对比的是,“同属于同煤集团的另一座非现代化煤矿,10个矿井的年产能才1800多万吨,却有职工3万多人,2015年亏损40多亿。”他说。&lt;/p&gt;&lt;p style=&quot;margin-top: 0px; margin-bottom: 29px; padding: 0px; line-height: 28px; font-family: 宋体, Arial, sans-serif; font-size: 15.9996px; white-space: normal; text-indent: 2em; background-color: rgb(255, 255, 255);&quot;&gt;“人员转岗分流是煤炭企业开年的重要工作,因为山西的煤炭企业,尤其是那些老矿面临严峻的人力成本压力。”山西省国资委工作人员孟伟(化名)说。&lt;/p&gt;&lt;p style=&quot;margin-top: 0px; margin-bottom: 29px; padding: 0px; line-height: 28px; font-family: 宋体, Arial, sans-serif; font-size: 15.9996px; white-space: normal; text-indent: 2em; background-color: rgb(255, 255, 255);&quot;&gt;“这是非常时期的非常之策,可大家都是凭关系进来的,清理谁都不好办”,焦阳说,“我们领导也已经给我们念了分流安置的文件,但还没有实质进行”。&lt;/p&gt;&lt;p style=&quot;margin-top: 0px; margin-bottom: 29px; padding: 0px; line-height: 28px; font-family: 宋体, Arial, sans-serif; font-size: 15.9996px; white-space: normal; text-indent: 2em; background-color: rgb(255, 255, 255);&quot;&gt;按照规划,“每个班最少要分流两个人”,他说,目前官地煤矿每个班组的人数为12至15人。山西焦煤制定了三年转岗分流计划,并将指标细化到了二级单位,但计划目前并未向社会公开。&lt;/p&gt;&lt;p style=&quot;margin-top: 0px; margin-bottom: 29px; padding: 0px; line-height: 28px; font-family: 宋体, Arial, sans-serif; font-size: 15.9996px; white-space: normal; text-indent: 2em; background-color: rgb(255, 255, 255);&quot;&gt;与此同时,官地煤矿将在2016年实行自主经营制,“也就是斜沟煤矿早就实行的矿、队二级管理,生产队下面设班组,干多少活,支付多少钱都由队说了算”,焦阳说,“比如以前矿井下面坏了一台采机,是由矿里花钱修,以后是哪个班组在作业,就由哪个班组负责出钱修。”他说。&lt;/p&gt;&lt;p style=&quot;margin-top: 0px; margin-bottom: 29px; padding: 0px; line-height: 28px; font-family: 宋体, Arial, sans-serif; font-size: 15.9996px; white-space: normal; text-indent: 2em; background-color: rgb(255, 255, 255);&quot;&gt;“现在强调降本增效,很多东西能不修就不修了,要是在以前,有时候不管问题大小就把旧配件换了新的。”姚平说。&lt;/p&gt;&lt;p style=&quot;margin-top: 0px; margin-bottom: 29px; padding: 0px; line-height: 28px; font-family: 宋体, Arial, sans-serif; font-size: 15.9996px; white-space: normal; text-indent: 2em; background-color: rgb(255, 255, 255);&quot;&gt;转岗分流后的去处目前并不明朗。目前山西每年都有一定数量的资源整合煤矿投产,一些分流矿工2015年被安排到了新整合煤矿,还有的原单位组织了劳务输出队,到外地托管煤矿。&lt;/p&gt;&lt;p style=&quot;margin-top: 0px; margin-bottom: 29px; padding: 0px; line-height: 28px; font-family: 宋体, Arial, sans-serif; font-size: 15.9996px; white-space: normal; text-indent: 2em; background-color: rgb(255, 255, 255);&quot;&gt;“仅山西焦煤汾西公司就有6个资源整合矿井投产,有的新整合矿井由于提升了技术管理水平,井下采掘队伍是从其他矿井整建制分流安置过来的。”上述山西煤炭行业人士说。&lt;/p&gt;&lt;p style=&quot;margin-top: 0px; margin-bottom: 29px; padding: 0px; line-height: 28px; font-family: 宋体, Arial, sans-serif; font-size: 15.9996px; white-space: normal; text-indent: 2em; background-color: rgb(255, 255, 255);&quot;&gt;同时采取的人员安置办法还有停薪留职、内部退养、内部休养等办法,山西各大煤炭集团几乎都在2015年出台了相关办法。“我们只要每年交给矿上3000多块钱,就可以办理停薪留职了,这3000多块钱用于给我们缴社保。”焦阳说。&lt;/p&gt;&lt;p style=&quot;margin-top: 0px; margin-bottom: 29px; padding: 0px; line-height: 28px; font-family: 宋体, Arial, sans-serif; font-size: 15.9996px; white-space: normal; text-indent: 2em; background-color: rgb(255, 255, 255);&quot;&gt;身为一名年轻矿工,同时又是矿工子弟,焦阳不愿意被转岗分流。“矿工如果下井时间久了,长期无法和外面社会接触,也就没有其他谋生的技能了,老矿工就是这样,我觉得这是个宿命。”他说。&lt;/p&gt;&lt;p style=&quot;margin-top: 0px; margin-bottom: 29px; padding: 0px; line-height: 28px; font-family: 宋体, Arial, sans-serif; font-size: 15.9996px; white-space: normal; text-indent: 2em; background-color: rgb(255, 255, 255);&quot;&gt;他只想趁年轻多挣点钱,所以想调到效益更好的斜沟煤矿,“可是那边已经满员,所以只能找个想到官地煤矿的人对调。至于转岗分流,我个人感觉,目前的出路只能是先把人事关系收回到上级公司,找个保安之类的闲职,等到煤炭行业回暖了或公司转型了再作安排”。&lt;a href=&quot;http://www.qq.com/?pref=article&quot; target=&quot;_blank&quot; title=&quot;点击进入腾讯首页&quot; id=&quot;backqqcom&quot; style=&quot;outline: none; color: rgb(81, 112, 166); text-decoration: none; border-style: none none dotted; border-bottom-width: 1px; border-bottom-color: rgb(83, 109, 166); white-space: nowrap;&quot;&gt;&lt;img src=&quot;http://www.qq.com/favicon.ico&quot; width=&quot;16&quot; height=&quot;16&quot; style=&quot;border: none; vertical-align: text-top; max-width: 640px;&quot;/&gt;&lt;span style=&quot;padding-left: 5px; font-size: 14px;&quot;&gt;返回腾讯网首页&amp;gt;&amp;gt;&lt;/span&gt;&lt;/a&gt;&lt;/p&gt;&lt;p&gt;&lt;br/&gt;&lt;/p&gt;'),
(31, 0, 'sdsd', 'asdas', NULL, '&lt;p&gt;sadasd&lt;/p&gt;'),
(49, 0, '超6省份将上调公务员工资', '一财网4', NULL, '&lt;p&gt;著作权归作者所有。&lt;br/&gt;商业转载请联系作者获得授权，非商业转载请注明出处。&lt;br/&gt;作者：火晴云&lt;br/&gt;链接：https://www.zhihu.com/question/19621333/answer/14509610&lt;br/&gt;来源：知乎&lt;br/&gt;&lt;br/&gt;&lt;/p&gt;&lt;p&gt;似乎大多数回答是一年前的了 &amp;nbsp;更新一下这里的一些争议吧 &lt;br/&gt;&lt;br/&gt;JQuery从1.7版本开始将bind(),live()和delegate()方法合并成了on()方法了&lt;br/&gt;同样unbind(),die()和undelegate()方法也合并成了off()方法&lt;br/&gt;&lt;br/&gt;新旧API对比:&lt;br/&gt;&lt;br/&gt;$(&amp;#39;a&amp;#39;).bind(&amp;#39;click&amp;#39;, myHandler); &lt;br/&gt;$(&amp;#39;a&amp;#39;).on(&amp;#39;click&amp;#39;, myHandler); &lt;br/&gt;&lt;br/&gt;$(&amp;#39;form&amp;#39;).bind(&amp;#39;submit&amp;#39;, { val: 42 }, fn); &lt;br/&gt;$(&amp;#39;form&amp;#39;).on(&amp;#39;submit&amp;#39;, { val: 42 }, fn); &lt;br/&gt;&lt;br/&gt;$(window).unbind(&amp;#39;scroll.myPlugin&amp;#39;); &lt;br/&gt;$(window).off(&amp;#39;scroll.myPlugin&amp;#39;); &lt;br/&gt;&lt;br/&gt;$(&amp;#39;.comment&amp;#39;).delegate(&amp;#39;a.add&amp;#39;, &amp;#39;click&amp;#39;, addNew); &lt;br/&gt;$(&amp;#39;.comment&amp;#39;).on(&amp;#39;click&amp;#39;, &amp;#39;a.add&amp;#39;, addNew); &lt;br/&gt;&lt;br/&gt;$(&amp;#39;.dialog&amp;#39;).undelegate(&amp;#39;a&amp;#39;, &amp;#39;click.myDlg&amp;#39;); &lt;br/&gt;$(&amp;#39;.dialog&amp;#39;).off(&amp;#39;click.myDlg&amp;#39;, &amp;#39;a&amp;#39;); &amp;nbsp;&lt;br/&gt;&lt;br/&gt;$(&amp;#39;a&amp;#39;).live(&amp;#39;click&amp;#39;, fn); &lt;br/&gt;$(document).on(&amp;#39;click&amp;#39;, &amp;#39;a&amp;#39;, fn); &lt;br/&gt;&lt;br/&gt;$(&amp;#39;a&amp;#39;).die(&amp;#39;click&amp;#39;); &lt;br/&gt;$(document).off(&amp;#39;click&amp;#39;, &amp;#39;a&amp;#39;);&lt;br/&gt;&lt;br/&gt;了解更多:&lt;a href=&quot;//link.zhihu.com/?target=http%3A//blog.jquery.com/2011/11/03/jquery-1-7-released/&quot; class=&quot; external&quot; target=&quot;_blank&quot; rel=&quot;nofollow noreferrer&quot;&gt;&lt;span class=&quot;invisible&quot;&gt;http://&lt;/span&gt;&lt;span class=&quot;visible&quot;&gt;blog.jquery.com/2011/11&lt;/span&gt;&lt;span class=&quot;invisible&quot;&gt;/03/jquery-1-7-released/&lt;/span&gt;&lt;span class=&quot;ellipsis&quot;&gt;&lt;/span&gt;&lt;em class=&quot;icon-external&quot;&gt;&lt;/em&gt;&lt;/a&gt;&lt;/p&gt;&lt;p&gt;&lt;br/&gt;&lt;/p&gt;'),
(53, 0, '456', 'sd', NULL, '&lt;p&gt;dd&lt;/p&gt;'),
(54, 0, 'cc', 'cc33', NULL, '&lt;p&gt;cc&lt;/p&gt;'),
(55, 0, 'c2c', 'cc', NULL, '&lt;p&gt;cc&lt;/p&gt;'),
(56, 0, 'wer', 'wer', NULL, '&lt;p&gt;2233&lt;/p&gt;'),
(57, 0, 'mm', 'mm', NULL, '&lt;p&gt;mm&lt;/p&gt;'),
(58, 0, '超6省份将上调公务员工资', '叔叔', NULL, '&lt;p style=&quot;box-sizing: border-box; margin-top: 0px; margin-bottom: 0px; color: rgb(136, 136, 136); font-size: 0.85em; line-height: 1.8em; font-family: 微软雅黑, &amp;#39;Helvetica Neue&amp;#39;, Helvetica, Arial, sans-serif; white-space: normal; background-color: rgb(255, 255, 255);&quot;&gt;著作权归作者所有。&lt;br style=&quot;box-sizing: border-box;&quot;/&gt;商业转载请联系作者获得授权，非商业转载请注明出处。&lt;br style=&quot;box-sizing: border-box;&quot;/&gt;作者：火晴云&lt;br style=&quot;box-sizing: border-box;&quot;/&gt;链接：https://www.zhihu.com/question/19621333/answer/14509610&lt;br style=&quot;box-sizing: border-box;&quot;/&gt;来源：知乎&lt;br style=&quot;box-sizing: border-box;&quot;/&gt;&lt;br style=&quot;box-sizing: border-box;&quot;/&gt;&lt;/p&gt;&lt;p style=&quot;box-sizing: border-box; margin-top: 0px; margin-bottom: 0px; color: rgb(136, 136, 136); font-size: 0.85em; line-height: 1.8em; font-family: 微软雅黑, &amp;#39;Helvetica Neue&amp;#39;, Helvetica, Arial, sans-serif; white-space: normal; background-color: rgb(255, 255, 255);&quot;&gt;似乎大多数回答是一年前的了 &amp;nbsp;更新一下这里的一些争议吧&amp;nbsp;&lt;br style=&quot;box-sizing: border-box;&quot;/&gt;&lt;br style=&quot;box-sizing: border-box;&quot;/&gt;JQuery从1.7版本开始将bind(),live()和delegate()方法合并成了on()方法了&lt;br style=&quot;box-sizing: border-box;&quot;/&gt;同样unbind(),die()和undelegate()方法也合并成了off()方法&lt;br style=&quot;box-sizing: border-box;&quot;/&gt;&lt;br style=&quot;box-sizing: border-box;&quot;/&gt;新旧API对比:&lt;br style=&quot;box-sizing: border-box;&quot;/&gt;&lt;br style=&quot;box-sizing: border-box;&quot;/&gt;$(&amp;#39;a&amp;#39;).bind(&amp;#39;click&amp;#39;, myHandler);&amp;nbsp;&lt;br style=&quot;box-sizing: border-box;&quot;/&gt;$(&amp;#39;a&amp;#39;).on(&amp;#39;click&amp;#39;, myHandler);&amp;nbsp;&lt;br style=&quot;box-sizing: border-box;&quot;/&gt;&lt;br style=&quot;box-sizing: border-box;&quot;/&gt;$(&amp;#39;form&amp;#39;).bind(&amp;#39;submit&amp;#39;, { val: 42 }, fn);&amp;nbsp;&lt;br style=&quot;box-sizing: border-box;&quot;/&gt;$(&amp;#39;form&amp;#39;).on(&amp;#39;submit&amp;#39;, { val: 42 }, fn);&amp;nbsp;&lt;br style=&quot;box-sizing: border-box;&quot;/&gt;&lt;br style=&quot;box-sizing: border-box;&quot;/&gt;$(window).unbind(&amp;#39;scroll.myPlugin&amp;#39;);&amp;nbsp;&lt;br style=&quot;box-sizing: border-box;&quot;/&gt;$(window).off(&amp;#39;scroll.myPlugin&amp;#39;);&amp;nbsp;&lt;br style=&quot;box-sizing: border-box;&quot;/&gt;&lt;br style=&quot;box-sizing: border-box;&quot;/&gt;$(&amp;#39;.comment&amp;#39;).delegate(&amp;#39;a.add&amp;#39;, &amp;#39;click&amp;#39;, addNew);&amp;nbsp;&lt;br style=&quot;box-sizing: border-box;&quot;/&gt;$(&amp;#39;.comment&amp;#39;).on(&amp;#39;click&amp;#39;, &amp;#39;a.add&amp;#39;, addNew);&amp;nbsp;&lt;br style=&quot;box-sizing: border-box;&quot;/&gt;&lt;br style=&quot;box-sizing: border-box;&quot;/&gt;$(&amp;#39;.dialog&amp;#39;).undelegate(&amp;#39;a&amp;#39;, &amp;#39;click.myDlg&amp;#39;);&amp;nbsp;&lt;br style=&quot;box-sizing: border-box;&quot;/&gt;$(&amp;#39;.dialog&amp;#39;).off(&amp;#39;click.myDlg&amp;#39;, &amp;#39;a&amp;#39;); &amp;nbsp;&lt;br style=&quot;box-sizing: border-box;&quot;/&gt;&lt;br style=&quot;box-sizing: border-box;&quot;/&gt;$(&amp;#39;a&amp;#39;).live(&amp;#39;click&amp;#39;, fn);&amp;nbsp;&lt;br style=&quot;box-sizing: border-box;&quot;/&gt;$(document).on(&amp;#39;click&amp;#39;, &amp;#39;a&amp;#39;, fn);&amp;nbsp;&lt;br style=&quot;box-sizing: border-box;&quot;/&gt;&lt;br style=&quot;box-sizing: border-box;&quot;/&gt;$(&amp;#39;a&amp;#39;).die(&amp;#39;click&amp;#39;);&amp;nbsp;&lt;br style=&quot;box-sizing: border-box;&quot;/&gt;$(document).off(&amp;#39;click&amp;#39;, &amp;#39;a&amp;#39;);&lt;br style=&quot;box-sizing: border-box;&quot;/&gt;&lt;br style=&quot;box-sizing: border-box;&quot;/&gt;了解更多:&lt;a href=&quot;http://link.zhihu.com/?target=http%3A//blog.jquery.com/2011/11/03/jquery-1-7-released/&quot; class=&quot; external&quot; target=&quot;_blank&quot; rel=&quot;nofollow noreferrer&quot; style=&quot;box-sizing: border-box; color: rgb(51, 122, 183); text-decoration: none; transition: all 0.5s; background-color: transparent;&quot;&gt;&lt;span class=&quot;invisible&quot; style=&quot;box-sizing: border-box; visibility: hidden;&quot;&gt;&lt;/span&gt;&lt;span class=&quot;visible&quot; style=&quot;box-sizing: border-box;&quot;&gt;blog.jquery.com/2011/11&lt;/span&gt;&lt;/a&gt;&lt;/p&gt;&lt;p&gt;&lt;br/&gt;&lt;/p&gt;'),
(59, 0, '32444444', '232323', NULL, '&lt;p style=&quot;text-align:center;&quot;&gt;&lt;br/&gt;&lt;/p&gt;&lt;p&gt;&lt;img alt=&quot;最高法回应“开放小区”是否与物权法相违背&quot; src=&quot;http://img1.gtimg.com/news/pics/hv1/143/64/2024/131627063.jpg&quot;/&gt;&lt;/p&gt;&lt;p&gt;&lt;br/&gt;&lt;/p&gt;&lt;p style=&quot;text-align:center;FONT-SIZE: 10pt; FONT-FAMILY: 宋体&quot;&gt;&lt;span style=&quot;FONT-SIZE: 14px&quot;&gt;资料图。图片来源：视觉中国 &lt;/span&gt;&lt;/p&gt;&lt;p&gt;&lt;br/&gt;&lt;/p&gt;&lt;p&gt;&lt;a class=&quot;rv-js-autoplay enabled&quot; target=&quot;_self&quot; bosszone=&quot;bofang_button_close&quot;&gt;&lt;em&gt;自动播放开关&lt;/em&gt;&lt;/a&gt;\r\n &amp;nbsp; &amp;nbsp; &amp;nbsp; &amp;nbsp; &amp;nbsp; &amp;nbsp;自动播放&lt;/p&gt;&lt;h2 class=&quot;rv-title&quot;&gt;&lt;a href=&quot;http://v.qq.com/page/f/v/g/f0019il56vg.html&quot; target=&quot;_blank&quot;&gt;律师：开放小区与物权法不冲突 征收方案有待商榷&lt;/a&gt;\r\n\r\n &amp;nbsp; &amp;nbsp; &amp;nbsp; &amp;nbsp;&lt;/h2&gt;&lt;p&gt;&lt;img src=&quot;http://mat1.gtimg.com/news/dc/images/16x9_adjust_img.png&quot;/&gt;&lt;/p&gt;&lt;p&gt;&lt;a class=&quot;prev disabled&quot; target=&quot;_self&quot; bosszone=&quot;rvideo_list_forward&quot;&gt;&amp;lt;&lt;/a&gt;\r\n &amp;nbsp; &amp;nbsp; &amp;nbsp; &amp;nbsp; &amp;nbsp; &amp;nbsp; &amp;nbsp; &amp;nbsp;&lt;a class=&quot;next&quot; target=&quot;_self&quot; bosszone=&quot;rvideo_list_back&quot;&gt;&amp;gt;&lt;/a&gt;\r\n &amp;nbsp; &amp;nbsp; &amp;nbsp; &amp;nbsp; &amp;nbsp; &amp;nbsp;&lt;/p&gt;&lt;ol style=&quot;width: 1870px;&quot; class=&quot;rv-playlist-list rv-cf list-paddingleft-2&quot;&gt;&lt;li&gt;&lt;p&gt;&lt;a data-vid=&quot;f0019il56vg&quot; data-idx=&quot;0&quot; href=&quot;http://v.qq.com/page/f/v/g/f0019il56vg.html&quot; target=&quot;_self&quot; class=&quot;current&quot; bosszone=&quot;rvideo_list_title&quot;&gt; &amp;nbsp; &amp;nbsp; &amp;nbsp; &amp;nbsp;&lt;img style=&quot;opacity: 1;&quot; src=&quot;http://vpic.video.qq.com/4202233365/f0019il56vg_ori_1.jpg&quot;/&gt; &amp;nbsp; &amp;nbsp; &amp;nbsp; &amp;nbsp;&lt;/a&gt;&lt;/p&gt;&lt;p&gt;&lt;a data-vid=&quot;f0019il56vg&quot; data-idx=&quot;0&quot; href=&quot;http://v.qq.com/page/f/v/g/f0019il56vg.html&quot; target=&quot;_self&quot; class=&quot;current&quot; bosszone=&quot;rvideo_list_title&quot;&gt;律师：开放小区与物权法不冲突 征收方案有待...&lt;/a&gt;&lt;/p&gt;&lt;p&gt;&lt;/p&gt;&lt;/li&gt;&lt;li&gt;&lt;p&gt;&lt;a data-vid=&quot;w0019nu511i&quot; data-idx=&quot;1&quot; href=&quot;http://v.qq.com/page/w/1/i/w0019nu511i.html&quot; target=&quot;_self&quot; class=&quot;&quot; bosszone=&quot;rvideo_list_title&quot;&gt; &amp;nbsp; &amp;nbsp; &amp;nbsp; &amp;nbsp;&lt;img style=&quot;opacity: 1;&quot; src=&quot;http://vpic.video.qq.com/39686916/w0019nu511i_160_90_3.jpg&quot;/&gt; &amp;nbsp; &amp;nbsp; &amp;nbsp; &amp;nbsp;&lt;/a&gt;&lt;/p&gt;&lt;p&gt;&lt;a data-vid=&quot;w0019nu511i&quot; data-idx=&quot;1&quot; href=&quot;http://v.qq.com/page/w/1/i/w0019nu511i.html&quot; target=&quot;_self&quot; class=&quot;&quot; bosszone=&quot;rvideo_list_title&quot;&gt;韩美周三联合演习 首亮“内陆进攻”实战味浓...&lt;/a&gt;&lt;/p&gt;&lt;p&gt;&lt;/p&gt;&lt;/li&gt;&lt;li&gt;&lt;p&gt;&lt;a data-vid=&quot;i0019erbiqo&quot; data-idx=&quot;2&quot; href=&quot;http://v.qq.com/page/i/q/o/i0019erbiqo.html&quot; target=&quot;_self&quot; class=&quot;&quot; bosszone=&quot;rvideo_list_title&quot;&gt; &amp;nbsp; &amp;nbsp; &amp;nbsp; &amp;nbsp;&lt;img style=&quot;opacity: 1;&quot; src=&quot;http://vpic.video.qq.com/26125781/i0019erbiqo_160_90_3.jpg&quot;/&gt; &amp;nbsp; &amp;nbsp; &amp;nbsp; &amp;nbsp;&lt;/a&gt;&lt;/p&gt;&lt;p&gt;&lt;a data-vid=&quot;i0019erbiqo&quot; data-idx=&quot;2&quot; href=&quot;http://v.qq.com/page/i/q/o/i0019erbiqo.html&quot; target=&quot;_self&quot; class=&quot;&quot; bosszone=&quot;rvideo_list_title&quot;&gt;民进党弃“两国论”或意在示好大陆&lt;/a&gt;&lt;/p&gt;&lt;p&gt;&lt;/p&gt;&lt;/li&gt;&lt;li&gt;&lt;p&gt;&lt;a data-vid=&quot;f0019c1oa43&quot; data-idx=&quot;3&quot; href=&quot;http://v.qq.com/page/f/4/3/f0019c1oa43.html&quot; target=&quot;_self&quot; class=&quot;&quot; bosszone=&quot;rvideo_list_title&quot;&gt; &amp;nbsp; &amp;nbsp; &amp;nbsp; &amp;nbsp;&lt;img style=&quot;opacity: 1;&quot; src=&quot;http://vpic.video.qq.com/53857499/f0019c1oa43_160_90_3.jpg&quot;/&gt; &amp;nbsp; &amp;nbsp; &amp;nbsp; &amp;nbsp;&lt;/a&gt;&lt;/p&gt;&lt;p&gt;&lt;a data-vid=&quot;f0019c1oa43&quot; data-idx=&quot;3&quot; href=&quot;http://v.qq.com/page/f/4/3/f0019c1oa43.html&quot; target=&quot;_self&quot; class=&quot;&quot; bosszone=&quot;rvideo_list_title&quot;&gt;外交部：美舰机抵近侦察才是南海军事化最大...&lt;/a&gt;&lt;/p&gt;&lt;p&gt;&lt;/p&gt;&lt;/li&gt;&lt;li&gt;&lt;p&gt;&lt;a data-vid=&quot;w0019rt6rz6&quot; data-idx=&quot;4&quot; href=&quot;http://v.qq.com/page/w/z/6/w0019rt6rz6.html&quot; target=&quot;_self&quot; class=&quot;&quot; bosszone=&quot;rvideo_list_title&quot;&gt; &amp;nbsp; &amp;nbsp; &amp;nbsp; &amp;nbsp;&lt;img style=&quot;opacity: 1;&quot; src=&quot;http://vpic.video.qq.com/184351/w0019rt6rz6_160_90_3.jpg&quot;/&gt; &amp;nbsp; &amp;nbsp; &amp;nbsp; &amp;nbsp;&lt;/a&gt;&lt;/p&gt;&lt;p&gt;&lt;a data-vid=&quot;w0019rt6rz6&quot; data-idx=&quot;4&quot; href=&quot;http://v.qq.com/page/w/z/6/w0019rt6rz6.html&quot; target=&quot;_self&quot; class=&quot;&quot; bosszone=&quot;rvideo_list_title&quot;&gt;中国外交部：王毅外长今起访问美国&lt;/a&gt;&lt;/p&gt;&lt;p&gt;&lt;/p&gt;&lt;/li&gt;&lt;li&gt;&lt;p&gt;&lt;a data-vid=&quot;c0019bb8jmu&quot; data-idx=&quot;5&quot; href=&quot;http://v.qq.com/page/c/m/u/c0019bb8jmu.html&quot; target=&quot;_self&quot; class=&quot;&quot; bosszone=&quot;rvideo_list_title&quot;&gt; &amp;nbsp; &amp;nbsp; &amp;nbsp; &amp;nbsp;&lt;img style=&quot;opacity: 1;&quot; src=&quot;http://vpic.video.qq.com/48465717/c0019bb8jmu_160_90_3.jpg&quot;/&gt; &amp;nbsp; &amp;nbsp; &amp;nbsp; &amp;nbsp;&lt;/a&gt;&lt;/p&gt;&lt;p&gt;&lt;a data-vid=&quot;c0019bb8jmu&quot; data-idx=&quot;5&quot; href=&quot;http://v.qq.com/page/c/m/u/c0019bb8jmu.html&quot; target=&quot;_self&quot; class=&quot;&quot; bosszone=&quot;rvideo_list_title&quot;&gt;美国 拒绝朝鲜商谈和平协定提议&lt;/a&gt;&lt;/p&gt;&lt;p&gt;&lt;/p&gt;&lt;/li&gt;&lt;li&gt;&lt;p&gt;&lt;a data-vid=&quot;x0019mkrrjc&quot; data-idx=&quot;6&quot; href=&quot;http://v.qq.com/page/x/j/c/x0019mkrrjc.html&quot; target=&quot;_self&quot; class=&quot;&quot; bosszone=&quot;rvideo_list_title&quot;&gt; &amp;nbsp; &amp;nbsp; &amp;nbsp; &amp;nbsp;&lt;img style=&quot;opacity: 1;&quot; src=&quot;http://vpic.video.qq.com/33435275/x0019mkrrjc_160_90_3.jpg&quot;/&gt; &amp;nbsp; &amp;nbsp; &amp;nbsp; &amp;nbsp;&lt;/a&gt;&lt;/p&gt;&lt;p&gt;&lt;a data-vid=&quot;x0019mkrrjc&quot; data-idx=&quot;6&quot; href=&quot;http://v.qq.com/page/x/j/c/x0019mkrrjc.html&quot; target=&quot;_self&quot; class=&quot;&quot; bosszone=&quot;rvideo_list_title&quot;&gt;韩国抗议日本竹岛日活动 敦促其中断挑衅行为...&lt;/a&gt;&lt;/p&gt;&lt;p&gt;&lt;/p&gt;&lt;/li&gt;&lt;li&gt;&lt;p&gt;&lt;a data-vid=&quot;h0019a7htgf&quot; data-idx=&quot;7&quot; href=&quot;http://v.qq.com/page/h/g/f/h0019a7htgf.html&quot; target=&quot;_self&quot; class=&quot;&quot; bosszone=&quot;rvideo_list_title&quot;&gt; &amp;nbsp; &amp;nbsp; &amp;nbsp; &amp;nbsp;&lt;img style=&quot;opacity: 1;&quot; src=&quot;http://vpic.video.qq.com/62396691/h0019a7htgf_160_90_3.jpg&quot;/&gt; &amp;nbsp; &amp;nbsp; &amp;nbsp; &amp;nbsp;&lt;/a&gt;&lt;/p&gt;&lt;p&gt;&lt;a data-vid=&quot;h0019a7htgf&quot; data-idx=&quot;7&quot; href=&quot;http://v.qq.com/page/h/g/f/h0019a7htgf.html&quot; target=&quot;_self&quot; class=&quot;&quot; bosszone=&quot;rvideo_list_title&quot;&gt;美俄宣布叙利亚停火协议将于本月27日生效&lt;/a&gt;&lt;/p&gt;&lt;p&gt;&lt;/p&gt;&lt;/li&gt;&lt;li&gt;&lt;p&gt;&lt;a data-vid=&quot;v0019117f5x&quot; data-idx=&quot;8&quot; href=&quot;http://v.qq.com/page/v/5/x/v0019117f5x.html&quot; target=&quot;_self&quot; class=&quot;&quot; bosszone=&quot;rvideo_list_title&quot;&gt; &amp;nbsp; &amp;nbsp; &amp;nbsp; &amp;nbsp;&lt;img style=&quot;opacity: 1;&quot; src=&quot;http://vpic.video.qq.com/29436908/v0019117f5x_160_90_3.jpg&quot;/&gt; &amp;nbsp; &amp;nbsp; &amp;nbsp; &amp;nbsp;&lt;/a&gt;&lt;/p&gt;&lt;p&gt;&lt;a data-vid=&quot;v0019117f5x&quot; data-idx=&quot;8&quot; href=&quot;http://v.qq.com/page/v/5/x/v0019117f5x.html&quot; target=&quot;_self&quot; class=&quot;&quot; bosszone=&quot;rvideo_list_title&quot;&gt;外交部：支持安理会通过对朝决议&lt;/a&gt;&lt;/p&gt;&lt;p&gt;&lt;/p&gt;&lt;/li&gt;&lt;li&gt;&lt;p&gt;&lt;a data-vid=&quot;b0019dhm36u&quot; data-idx=&quot;9&quot; href=&quot;http://v.qq.com/page/b/6/u/b0019dhm36u.html&quot; target=&quot;_self&quot; class=&quot;&quot; bosszone=&quot;rvideo_list_title&quot;&gt; &amp;nbsp; &amp;nbsp; &amp;nbsp; &amp;nbsp;&lt;img style=&quot;opacity: 1;&quot; src=&quot;http://vpic.video.qq.com/93216835/b0019dhm36u_160_90_3.jpg&quot;/&gt; &amp;nbsp; &amp;nbsp; &amp;nbsp; &amp;nbsp;&lt;/a&gt;&lt;/p&gt;&lt;p&gt;&lt;a data-vid=&quot;b0019dhm36u&quot; data-idx=&quot;9&quot; href=&quot;http://v.qq.com/page/b/6/u/b0019dhm36u.html&quot; target=&quot;_self&quot; class=&quot;&quot; bosszone=&quot;rvideo_list_title&quot;&gt;全球股市周一全面反弹 国际油价大幅反弹&lt;/a&gt;&lt;/p&gt;&lt;p&gt;&lt;/p&gt;&lt;/li&gt;&lt;li&gt;&lt;p&gt;&lt;a data-vid=&quot;e0019g7byiv&quot; data-idx=&quot;10&quot; href=&quot;http://v.qq.com/page/e/i/v/e0019g7byiv.html&quot; target=&quot;_self&quot; class=&quot;&quot; bosszone=&quot;rvideo_list_title&quot;&gt; &amp;nbsp; &amp;nbsp; &amp;nbsp; &amp;nbsp;&lt;img style=&quot;opacity: 1;&quot; src=&quot;http://vpic.video.qq.com/74597223/e0019g7byiv_160_90_3.jpg&quot;/&gt; &amp;nbsp; &amp;nbsp; &amp;nbsp; &amp;nbsp;&lt;/a&gt;&lt;/p&gt;&lt;p&gt;&lt;a data-vid=&quot;e0019g7byiv&quot; data-idx=&quot;10&quot; href=&quot;http://v.qq.com/page/e/i/v/e0019g7byiv.html&quot; target=&quot;_self&quot; class=&quot;&quot; bosszone=&quot;rvideo_list_title&quot;&gt;德国难民收容所改建 疑被纵火&lt;/a&gt;&lt;/p&gt;&lt;p&gt;&lt;/p&gt;&lt;/li&gt;&lt;/ol&gt;&lt;p&gt;&lt;br/&gt;&lt;/p&gt;&lt;p style=&quot;TEXT-INDENT: 2em&quot;&gt;中新网2月23日电 \r\n近期，城市规划管理意见里面提到今后可能不再封闭建小区，道路将公共化，最高人民法院民一庭庭长程新文今日就此政策与《物权法》的关系指出，这一意见属于\r\n党和国家政策的层面，涉及包括业主在内的有关主体的权益保障问题，还有一个通过立法实现法治化的过程。&lt;/p&gt;&lt;p style=&quot;TEXT-INDENT: 2em&quot;&gt;最高人民法院今日召开新闻发布会，发布《最高人民法院关于适用〈中华人民共和国物权法〉若干问题的解释(一)》并回答记者提问。&lt;/p&gt;&lt;p style=&quot;TEXT-INDENT: 2em&quot;&gt;有记者提问，关于近期城市规划管理意见里面提到今后可能不再封闭建小区，道路将公共化，大家关心这到底跟《物权法》是什么样的关系？如果真是道路公共化之后，会不会与我们现行的《物权法》相关解释是相违背的？&lt;/p&gt;&lt;p style=&quot;TEXT-INDENT: 2em&quot;&gt;程新文表示，《中共中央 国务院关于进一步加强城市规划建设管理工作的若干意见》中提到了新建住宅要推广街区制，原则上不再建设封闭住宅小区；已建成的住宅小区和单位大院要逐步打开，实现内部道路公共化。&lt;/p&gt;&lt;p style=&quot;TEXT-INDENT: 2em&quot;&gt;程新文称，正像有关部门所介绍的那样，封闭住宅小区是农耕时代的产物，现在已经处于21世纪工业化、信息化和新型城镇化的新时代，推进现代化城市建设需要我们有新的理念和探索。&lt;/p&gt;&lt;p style=&quot;TEXT-INDENT: 2em&quot;&gt;“我\r\n们认为，上述举措的目的是为了实现物和有关资源效益的最大化，这是一个非常具有前瞻性的、与时俱进的城市发展理念，是贯彻落实十八届五中全会提出的五大发\r\n展理念中的共享发展理念的体现，也是落实中央城市工作会议的重要举措，符合当今世界的潮流和发展趋势，对于推进城市现代化具有重要指导意义。”程新文说。&lt;/p&gt;&lt;p style=&quot;TEXT-INDENT: 2em&quot;&gt;程新文表示，目前，党中央、国务院提出的这一意见属于党和国家政策的层面，涉及包括业主在内的有关主体的权益保障问题，还有一个通过立法实现法治化的过程。&lt;a id=&quot;backqqcom&quot; title=&quot;点击进入腾讯首页&quot; target=&quot;_blank&quot; href=&quot;http://www.qq.com/?pref=article&quot;&gt;&lt;img src=&quot;http://www.qq.com/favicon.ico&quot; height=&quot;16&quot; width=&quot;16&quot;/&gt;&lt;span style=&quot;padding-left: 5px; font-size: 14px;&quot;&gt;返回腾讯网首页&amp;gt;&amp;gt;&lt;/span&gt;&lt;/a&gt;&lt;/p&gt;&lt;p&gt;&lt;br/&gt;&lt;/p&gt;');

-- --------------------------------------------------------

--
-- 表的结构 `model`
--

CREATE TABLE `model` (
  `id` int(10) UNSIGNED NOT NULL,
  `name` varchar(100) NOT NULL COMMENT '名称',
  `identity` varchar(250) NOT NULL COMMENT '唯一标识',
  `link` tinytext COMMENT '关联信息',
  `view_detail` tinytext COMMENT '模型视图',
  `view_edit` tinytext COMMENT '编辑视图',
  `view_add` varchar(250) DEFAULT NULL COMMENT '新增视图',
  `rules` text NOT NULL COMMENT '模型验证规则',
  `status` smallint(6) NOT NULL DEFAULT '1' COMMENT '等级状态',
  `createtime` datetime DEFAULT NULL COMMENT '创建时间',
  `updatetime` timestamp NOT NULL DEFAULT CURRENT_TIMESTAMP ON UPDATE CURRENT_TIMESTAMP COMMENT '更新时间'
) ENGINE=InnoDB DEFAULT CHARSET=utf8mb4;

--
-- 转存表中的数据 `model`
--

INSERT INTO `model` (`id`, `name`, `identity`, `link`, `view_detail`, `view_edit`, `view_add`, `rules`, `status`, `createtime`, `updatetime`) VALUES
(1, '基础文档', 'document', '{"document":{"mapping_type":self::HAS_ONE, ''class_name'' : "document",\r\n            ''foreign_key'': "index_id"}\r\n}', 'Article/documentDetail', 'Article/documentEdit', 'Article/documentAdd', '', 1, '2016-01-31 00:00:00', '2016-02-20 08:51:58'),
(2, '新闻', 'news', '', 'News/newsDetail', 'News/newsEdit', 'News/newsAdd', '', 1, NULL, '2016-02-21 06:45:39');

-- --------------------------------------------------------

--
-- 表的结构 `news`
--

CREATE TABLE `news` (
  `id` int(11) NOT NULL,
  `title` varchar(250) NOT NULL,
  `content` text NOT NULL,
  `author` varchar(100) DEFAULT NULL COMMENT '编辑',
  `cate` int(11) NOT NULL,
  `type` varchar(250) NOT NULL,
  `views` int(11) NOT NULL,
  `status` tinyint(4) NOT NULL
) ENGINE=InnoDB DEFAULT CHARSET=utf8;

--
-- 转存表中的数据 `news`
--

INSERT INTO `news` (`id`, `title`, `content`, `author`, `cate`, `type`, `views`, `status`) VALUES
(1, '33', '&lt;p&gt;33333&lt;/p&gt;', '33', 0, '', 0, 0),
(2, 'cc', '&lt;p&gt;cc&lt;/p&gt;', 'cc', 0, '', 0, 0),
(3, 'ff', '&lt;p&gt;ffdddd&lt;/p&gt;', 'ff2', 0, '', 0, 0),
(5, 'qq', '&lt;p&gt;qq&lt;/p&gt;', 'qq', 0, '', 0, 0),
(6, '超6省份将上调公务员工资', '&lt;p style=&quot;box-sizing: border-box; margin-top: 0px; margin-bottom: 0px; color: rgb(136, 136, 136); font-size: 0.85em; line-height: 1.8em; font-family: 微软雅黑, &amp;#39;Helvetica Neue&amp;#39;, Helvetica, Arial, sans-serif; white-space: normal; background-color: rgb(255, 255, 255);&quot;&gt;著作权归作者所有。&lt;br style=&quot;box-sizing: border-box;&quot;/&gt;商业转载请联系作者获得授权，非商业转载请注明出处。&lt;br style=&quot;box-sizing: border-box;&quot;/&gt;作者：火晴云&lt;br style=&quot;box-sizing: border-box;&quot;/&gt;链接：https://www.zhihu.com/question/19621333/answer/14509610&lt;br style=&quot;box-sizing: border-box;&quot;/&gt;来源：知乎&lt;br style=&quot;box-sizing: border-box;&quot;/&gt;&lt;br style=&quot;box-sizing: border-box;&quot;/&gt;&lt;/p&gt;&lt;p style=&quot;box-sizing: border-box; margin-top: 0px; margin-bottom: 0px; color: rgb(136, 136, 136); font-size: 0.85em; line-height: 1.8em; font-family: 微软雅黑, &amp;#39;Helvetica Neue&amp;#39;, Helvetica, Arial, sans-serif; white-space: normal; background-color: rgb(255, 255, 255);&quot;&gt;似乎大多数回答是一年前的了 &amp;nbsp;更新一下这里的一些争议吧&amp;nbsp;&lt;br style=&quot;box-sizing: border-box;&quot;/&gt;&lt;br style=&quot;box-sizing: border-box;&quot;/&gt;JQuery从1.7版本开始将bind(),live()和delegate()方法合并成了on()方法了&lt;br style=&quot;box-sizing: border-box;&quot;/&gt;同样unbind(),die()和undelegate()方法也合并成了off()方法&lt;br style=&quot;box-sizing: border-box;&quot;/&gt;&lt;br style=&quot;box-sizing: border-box;&quot;/&gt;新旧API对比:&lt;br style=&quot;box-sizing: border-box;&quot;/&gt;&lt;br style=&quot;box-sizing: border-box;&quot;/&gt;$(&amp;#39;a&amp;#39;).bind(&amp;#39;click&amp;#39;, myHandler);&amp;nbsp;&lt;br style=&quot;box-sizing: border-box;&quot;/&gt;$(&amp;#39;a&amp;#39;).on(&amp;#39;click&amp;#39;, myHandler);&amp;nbsp;&lt;br style=&quot;box-sizing: border-box;&quot;/&gt;&lt;br style=&quot;box-sizing: border-box;&quot;/&gt;$(&amp;#39;form&amp;#39;).bind(&amp;#39;submit&amp;#39;, { val: 42 }, fn);&amp;nbsp;&lt;br style=&quot;box-sizing: border-box;&quot;/&gt;$(&amp;#39;form&amp;#39;).on(&amp;#39;submit&amp;#39;, { val: 42 }, fn);&amp;nbsp;&lt;br style=&quot;box-sizing: border-box;&quot;/&gt;&lt;br style=&quot;box-sizing: border-box;&quot;/&gt;$(window).unbind(&amp;#39;scroll.myPlugin&amp;#39;);&amp;nbsp;&lt;br style=&quot;box-sizing: border-box;&quot;/&gt;$(window).off(&amp;#39;scroll.myPlugin&amp;#39;);&amp;nbsp;&lt;br style=&quot;box-sizing: border-box;&quot;/&gt;&lt;br style=&quot;box-sizing: border-box;&quot;/&gt;$(&amp;#39;.comment&amp;#39;).delegate(&amp;#39;a.add&amp;#39;, &amp;#39;click&amp;#39;, addNew);&amp;nbsp;&lt;br style=&quot;box-sizing: border-box;&quot;/&gt;$(&amp;#39;.comment&amp;#39;).on(&amp;#39;click&amp;#39;, &amp;#39;a.add&amp;#39;, addNew);&amp;nbsp;&lt;br style=&quot;box-sizing: border-box;&quot;/&gt;&lt;br style=&quot;box-sizing: border-box;&quot;/&gt;$(&amp;#39;.dialog&amp;#39;).undelegate(&amp;#39;a&amp;#39;, &amp;#39;click.myDlg&amp;#39;);&amp;nbsp;&lt;br style=&quot;box-sizing: border-box;&quot;/&gt;$(&amp;#39;.dialog&amp;#39;).off(&amp;#39;click.myDlg&amp;#39;, &amp;#39;a&amp;#39;); &amp;nbsp;&lt;br style=&quot;box-sizing: border-box;&quot;/&gt;&lt;br style=&quot;box-sizing: border-box;&quot;/&gt;$(&amp;#39;a&amp;#39;).live(&amp;#39;click&amp;#39;, fn);&amp;nbsp;&lt;br style=&quot;box-sizing: border-box;&quot;/&gt;$(document).on(&amp;#39;click&amp;#39;, &amp;#39;a&amp;#39;, fn);&amp;nbsp;&lt;br style=&quot;box-sizing: border-box;&quot;/&gt;&lt;br style=&quot;box-sizing: border-box;&quot;/&gt;$(&amp;#39;a&amp;#39;).die(&amp;#39;click&amp;#39;);&amp;nbsp;&lt;br style=&quot;box-sizing: border-box;&quot;/&gt;$(document).off(&amp;#39;click&amp;#39;, &amp;#39;a&amp;#39;);&lt;br style=&quot;box-sizing: border-box;&quot;/&gt;&lt;br style=&quot;box-sizing: border-box;&quot;/&gt;了解更多:&lt;span style=&quot;color:#337ab7&quot;&gt;&lt;span class=&quot;invisible&quot; style=&quot;box-sizing: border-box; visibility: hidden; transition: all 0.5s;&quot;&gt;&lt;/span&gt;&lt;/span&gt;&lt;span class=&quot;visible&quot; style=&quot;box-sizing: border-box; color: rgb(51, 122, 183); text-decoration: none; transition: all 0.5s; background-color: transparent;&quot;&gt;&lt;a href=&quot;http://link.zhihu.com/?target=http%3A//blog.jquery.com/2011/11/03/jquery-1-7-released/&quot; class=&quot; external&quot; target=&quot;_blank&quot; rel=&quot;nofollow noreferrer&quot; style=&quot;box-sizing: border-box; color: rgb(51, 122, 183); text-decoration: none; transition: all 0.5s; background-color: transparent;&quot;&gt;blog.jquery.com/2011/11&lt;/a&gt;&lt;/span&gt;&lt;a href=&quot;http://link.zhihu.com/?target=http%3A//blog.jquery.com/2011/11/03/jquery-1-7-released/&quot; class=&quot; external&quot; target=&quot;_blank&quot; rel=&quot;nofollow noreferrer&quot;&gt;&lt;span style=&quot;color:#337ab7&quot;&gt;&lt;span class=&quot;invisible&quot; style=&quot;box-sizing: border-box; visibility: hidden; transition: all 0.5s;&quot;&gt;&lt;/span&gt;&lt;span class=&quot;ellipsis&quot; style=&quot;box-sizing: border-box; transition: all 0.5s;&quot;&gt;&lt;/span&gt;&lt;span style=&quot;transition: all 0.5s;&quot;&gt;&lt;em class=&quot;icon-external&quot; style=&quot;box-sizing: border-box;&quot;&gt;&lt;/em&gt;&lt;/span&gt;&lt;/span&gt;&lt;/a&gt;&lt;/p&gt;&lt;p&gt;&lt;br/&gt;&lt;/p&gt;', '叔叔', 0, '', 0, 0);

-- --------------------------------------------------------

--
-- 表的结构 `Race`
--

CREATE TABLE `Race` (
  `id` int(11) NOT NULL,
  `name` varchar(250) NOT NULL COMMENT '竞赛名称',
  `organization` varchar(250) NOT NULL COMMENT '承办学院',
  `leader` varchar(50) NOT NULL COMMENT '领队老师',
  `introduce` text NOT NULL COMMENT '大赛简介',
  `rule` text NOT NULL COMMENT '赛事规则',
  `expecteddate` date NOT NULL COMMENT '竞赛时间',
  `contacts` date NOT NULL COMMENT '联系方式',
  `website` int(11) NOT NULL COMMENT '官方网址'
) ENGINE=InnoDB DEFAULT CHARSET=utf8mb4;

-- --------------------------------------------------------

--
-- 表的结构 `smatch`
--

CREATE TABLE `smatch` (
  `id` int(11) NOT NULL,
  `name` varchar(50) NOT NULL,
  `create_time` timestamp NOT NULL DEFAULT CURRENT_TIMESTAMP,
  `update_time` timestamp NULL DEFAULT NULL
) ENGINE=InnoDB DEFAULT CHARSET=utf8mb4;

--
-- 转存表中的数据 `smatch`
--

INSERT INTO `smatch` (`id`, `name`, `create_time`, `update_time`) VALUES
(1, '网页设计大赛', '2016-01-04 22:32:19', '0000-00-00 00:00:00');

--
-- Indexes for dumped tables
--

--
-- Indexes for table `admin`
--
ALTER TABLE `admin`
  ADD PRIMARY KEY (`id`);

--
-- Indexes for table `cate`
--
ALTER TABLE `cate`
  ADD PRIMARY KEY (`id`),
  ADD KEY `index` (`cindex`);

--
-- Indexes for table `cate_atc`
--
ALTER TABLE `cate_atc`
  ADD PRIMARY KEY (`id`),
  ADD KEY `cate` (`cate`);

--
-- Indexes for table `comment`
--
ALTER TABLE `comment`
  ADD PRIMARY KEY (`id`);

--
-- Indexes for table `document`
--
ALTER TABLE `document`
  ADD PRIMARY KEY (`id`);

--
-- Indexes for table `model`
--
ALTER TABLE `model`
  ADD PRIMARY KEY (`id`),
  ADD UNIQUE KEY `name` (`name`);

--
-- Indexes for table `news`
--
ALTER TABLE `news`
  ADD PRIMARY KEY (`id`),
  ADD KEY `title` (`title`);

--
-- Indexes for table `smatch`
--
ALTER TABLE `smatch`
  ADD PRIMARY KEY (`id`);

--
-- 在导出的表使用AUTO_INCREMENT
--

--
-- 使用表AUTO_INCREMENT `admin`
--
ALTER TABLE `admin`
  MODIFY `id` int(11) NOT NULL AUTO_INCREMENT, AUTO_INCREMENT=61;
--
-- 使用表AUTO_INCREMENT `cate`
--
ALTER TABLE `cate`
  MODIFY `id` int(11) NOT NULL AUTO_INCREMENT, AUTO_INCREMENT=18;
--
-- 使用表AUTO_INCREMENT `cate_atc`
--
ALTER TABLE `cate_atc`
  MODIFY `id` int(11) NOT NULL AUTO_INCREMENT, AUTO_INCREMENT=57;
--
-- 使用表AUTO_INCREMENT `comment`
--
ALTER TABLE `comment`
  MODIFY `id` int(11) NOT NULL AUTO_INCREMENT;
--
-- 使用表AUTO_INCREMENT `document`
--
ALTER TABLE `document`
  MODIFY `id` int(11) NOT NULL AUTO_INCREMENT, AUTO_INCREMENT=60;
--
-- 使用表AUTO_INCREMENT `model`
--
ALTER TABLE `model`
  MODIFY `id` int(10) UNSIGNED NOT NULL AUTO_INCREMENT, AUTO_INCREMENT=3;
--
-- 使用表AUTO_INCREMENT `news`
--
ALTER TABLE `news`
  MODIFY `id` int(11) NOT NULL AUTO_INCREMENT, AUTO_INCREMENT=7;
--
-- 使用表AUTO_INCREMENT `smatch`
--
ALTER TABLE `smatch`
  MODIFY `id` int(11) NOT NULL AUTO_INCREMENT, AUTO_INCREMENT=2;
--
-- 限制导出的表
--

--
-- 限制表 `cate_atc`
--
ALTER TABLE `cate_atc`
  ADD CONSTRAINT `cate_atc_ibfk_1` FOREIGN KEY (`cate`) REFERENCES `cate` (`id`) ON DELETE CASCADE ON UPDATE CASCADE;

/*!40101 SET CHARACTER_SET_CLIENT=@OLD_CHARACTER_SET_CLIENT */;
/*!40101 SET CHARACTER_SET_RESULTS=@OLD_CHARACTER_SET_RESULTS */;
/*!40101 SET COLLATION_CONNECTION=@OLD_COLLATION_CONNECTION */;
